,rt,response,subj_idx,condition,correct,stimulus
1,0.3053512,1,13,1,1,1
2,0.2551908,1,13,1,1,1
3,0.2866661,1,13,1,1,1
4,0.3768854,1,13,1,1,1
5,0.2751786,1,13,1,1,1
6,NA,0,13,1,0,1
7,0.2905258,1,13,1,1,1
8,0.274607,1,13,1,1,1
9,0.2446643,1,13,1,1,1
10,NA,0,13,1,0,1
11,0.2670597,1,13,1,1,1
12,0.240719,1,13,1,1,1
13,0.2691588,1,13,1,1,1
14,0.2711166,1,13,1,1,1
15,0.274141,1,13,1,1,1
16,0.3348624,1,13,1,1,1
17,0.3401971,1,13,1,1,1
18,0.2867904,1,13,1,1,1
19,0.3116415,1,13,1,1,1
20,0.30524,1,13,1,1,1
21,0.2802008,1,13,1,1,1
22,0.2798388,1,13,1,1,1
23,0.2978451,1,13,1,1,1
24,0.2541404,1,13,1,1,1
25,0.2588421,1,13,1,1,1
26,0.343283,1,13,1,1,1
27,0.285863,1,13,1,1,1
28,0.3182438,1,13,1,1,1
29,0.2597337,1,13,1,1,1
30,0.2555206,1,13,1,1,1
31,0.2586707,1,13,1,1,1
32,0.2024001,1,13,1,1,1
33,0.2442805,1,13,1,1,1
34,0.2478727,1,13,1,1,1
35,0.2400134,1,13,1,1,1
36,0.2444474,1,13,1,1,1
37,0.2556174,1,13,1,1,1
38,0.2500734,1,13,1,1,1
39,0.2499719,1,13,1,1,1
40,0.263454,1,13,1,1,1
41,0.2497494,1,13,1,1,1
42,NA,0,13,1,0,1
43,0.1984814,1,13,1,1,1
44,0.2678832,1,13,1,1,1
45,0.3011892,1,13,1,1,1
46,0.2654647,1,13,1,1,1
47,0.3049432,1,13,1,1,1
48,0.2543382,1,13,1,1,1
49,0.2795798,1,13,1,1,1
50,0.2227855,1,13,1,1,1
51,0.280998,1,13,1,1,1
52,0.3121697,1,13,1,1,1
53,0.2941959,1,13,1,1,1
54,0.2690678,1,13,1,1,1
55,0.285157,1,13,1,1,1
56,0.2911086,1,13,1,1,1
57,0.2697322,1,13,1,1,1
58,0.2443137,1,13,1,1,1
59,0.2764614,1,13,1,1,1
60,0.2468627,1,13,1,1,1
61,NA,0,13,1,1,0
62,NA,0,13,1,1,0
63,NA,0,13,1,1,0
64,NA,0,13,1,1,0
65,NA,0,13,1,1,0
66,NA,0,13,1,1,0
67,NA,0,13,1,1,0
68,NA,0,13,1,1,0
69,NA,0,13,1,1,0
70,0.2779287,1,13,1,0,0
71,NA,0,13,1,1,0
72,0.2604002,1,13,1,0,0
73,NA,0,13,1,1,0
74,NA,0,13,1,1,0
75,NA,0,13,1,1,0
76,NA,0,13,1,1,0
77,NA,0,13,1,1,0
78,0.3785449,1,13,1,0,0
79,NA,0,13,1,1,0
80,NA,0,13,1,1,0
81,0.2884985,1,13,1,1,1
82,0.3146418,1,13,1,1,1
83,0.2947006,1,13,1,1,1
84,0.3013338,1,13,1,1,1
85,0.2631825,1,13,1,1,1
86,0.2716502,1,13,1,1,1
87,0.2950456,1,13,1,1,1
88,0.2645437,1,13,1,1,1
89,0.2274051,1,13,1,1,1
90,0.2874261,1,13,1,1,1
91,0.2933345,1,13,1,1,1
92,0.2517982,1,13,1,1,1
93,0.3245508,1,13,1,1,1
94,0.3061422,1,13,1,1,1
95,0.2712911,1,13,1,1,1
96,0.3369573,1,13,1,1,1
97,0.2747887,1,13,1,1,1
98,0.3025092,1,13,1,1,1
99,0.2992265,1,13,1,1,1
100,0.2556133,1,13,1,1,1
101,0.2758623,1,13,1,1,1
102,0.2474915,1,13,1,1,1
103,0.294229,1,13,1,1,1
104,0.3004917,1,13,1,1,1
105,0.2997757,1,13,1,1,1
106,0.1945473,1,13,1,1,1
107,NA,0,13,1,0,1
108,0.3659798,1,13,1,1,1
109,0.3084457,1,13,1,1,1
110,0.335869,1,13,1,1,1
111,NA,0,13,1,0,1
112,0.262035,1,13,1,1,1
113,0.2743258,1,13,1,1,1
114,0.3246979,1,13,1,1,1
115,0.3078085,1,13,1,1,1
116,0.2881328,1,13,1,1,1
117,NA,0,13,1,0,1
118,0.3274209,1,13,1,1,1
119,0.268726,1,13,1,1,1
120,0.2837141,1,13,1,1,1
121,0.3473561,1,13,1,1,1
122,NA,0,13,1,0,1
123,0.3254121,1,13,1,1,1
124,NA,0,13,1,0,1
125,0.3345309,1,13,1,1,1
126,0.3808571,1,13,1,1,1
127,0.3466852,1,13,1,1,1
128,0.2659374,1,13,1,1,1
129,0.3118599,1,13,1,1,1
130,0.3309458,1,13,1,1,1
131,0.2808412,1,13,1,1,1
132,0.3051726,1,13,1,1,1
133,NA,0,13,1,0,1
134,0.2969566,1,13,1,1,1
135,0.339253,1,13,1,1,1
136,NA,0,13,1,0,1
137,0.3416095,1,13,1,1,1
138,0.2853117,1,13,1,1,1
139,0.2612182,1,13,1,1,1
140,0.2675462,1,13,1,1,1
141,0.2480196,1,13,1,0,0
142,NA,0,13,1,1,0
143,NA,0,13,1,1,0
144,0.2932764,1,13,1,0,0
145,NA,0,13,1,1,0
146,NA,0,13,1,1,0
147,NA,0,13,1,1,0
148,0.3428527,1,13,1,0,0
149,NA,0,13,1,1,0
150,NA,0,13,1,1,0
151,NA,0,13,1,1,0
152,NA,0,13,1,1,0
153,NA,0,13,1,1,0
154,0.3373558,1,13,1,0,0
155,0.3323036,1,13,1,0,0
156,NA,0,13,1,1,0
157,NA,0,13,1,1,0
158,NA,0,13,1,1,0
159,NA,0,13,1,1,0
160,NA,0,13,1,1,0
161,0.3098361,1,14,1,1,1
162,0.3471801,1,14,1,1,1
163,0.2568176,1,14,1,1,1
164,0.2486857,1,14,1,1,1
165,0.2654735,1,14,1,1,1
166,0.3631156,1,14,1,1,1
167,0.2983427,1,14,1,1,1
168,0.339593,1,14,1,1,1
169,0.2817435,1,14,1,1,1
170,0.2917943,1,14,1,1,1
171,NA,0,14,1,0,1
172,0.3141614,1,14,1,1,1
173,NA,0,14,1,0,1
174,0.3476912,1,14,1,1,1
175,0.325405,1,14,1,1,1
176,0.3772655,1,14,1,1,1
177,0.3013259,1,14,1,1,1
178,0.3608442,1,14,1,1,1
179,0.331413,1,14,1,1,1
180,0.2918159,1,14,1,1,1
181,0.3005976,1,14,1,1,1
182,0.2666989,1,14,1,1,1
183,0.3357758,1,14,1,1,1
184,0.3156456,1,14,1,1,1
185,0.2715682,1,14,1,1,1
186,0.3004441,1,14,1,1,1
187,0.3206236,1,14,1,1,1
188,0.2867038,1,14,1,1,1
189,0.2882533,1,14,1,1,1
190,0.271812,1,14,1,1,1
191,0.2878005,1,14,1,1,1
192,0.3577776,1,14,1,1,1
193,0.2903222,1,14,1,1,1
194,0.370135,1,14,1,1,1
195,0.291623,1,14,1,1,1
196,0.2979048,1,14,1,1,1
197,0.3247934,1,14,1,1,1
198,0.3198174,1,14,1,1,1
199,0.2912715,1,14,1,1,1
200,0.3333532,1,14,1,1,1
201,0.2973227,1,14,1,1,1
202,NA,0,14,1,0,1
203,0.2897146,1,14,1,1,1
204,0.2615533,1,14,1,1,1
205,0.2913148,1,14,1,1,1
206,0.2992833,1,14,1,1,1
207,0.3097113,1,14,1,1,1
208,0.3049749,1,14,1,1,1
209,0.3255758,1,14,1,1,1
210,0.3748675,1,14,1,1,1
211,0.3017364,1,14,1,1,1
212,0.2572993,1,14,1,1,1
213,0.3078557,1,14,1,1,1
214,0.2954435,1,14,1,1,1
215,0.2846196,1,14,1,1,1
216,0.3245408,1,14,1,1,1
217,0.2960742,1,14,1,1,1
218,0.3025694,1,14,1,1,1
219,0.3681013,1,14,1,1,1
220,0.3021008,1,14,1,1,1
221,NA,0,14,1,1,0
222,NA,0,14,1,1,0
223,NA,0,14,1,1,0
224,NA,0,14,1,1,0
225,NA,0,14,1,1,0
226,NA,0,14,1,1,0
227,NA,0,14,1,1,0
228,NA,0,14,1,1,0
229,NA,0,14,1,1,0
230,NA,0,14,1,1,0
231,NA,0,14,1,1,0
232,NA,0,14,1,1,0
233,NA,0,14,1,1,0
234,NA,0,14,1,1,0
235,NA,0,14,1,1,0
236,NA,0,14,1,1,0
237,NA,0,14,1,1,0
238,NA,0,14,1,1,0
239,NA,0,14,1,1,0
240,NA,0,14,1,1,0
241,0.309574,1,14,1,1,1
242,0.3233079,1,14,1,1,1
243,0.2956097,1,14,1,1,1
244,0.3130289,1,14,1,1,1
245,0.3274638,1,14,1,1,1
246,0.3610873,1,14,1,1,1
247,0.3208497,1,14,1,1,1
248,0.2910163,1,14,1,1,1
249,0.3304542,1,14,1,1,1
250,0.284066,1,14,1,1,1
251,NA,0,14,1,0,1
252,0.323378,1,14,1,1,1
253,0.3205798,1,14,1,1,1
254,0.3275801,1,14,1,1,1
255,0.3140445,1,14,1,1,1
256,0.2941774,1,14,1,1,1
257,0.2614657,1,14,1,1,1
258,0.3006749,1,14,1,1,1
259,0.3525577,1,14,1,1,1
260,0.2739106,1,14,1,1,1
261,0.2890345,1,14,1,1,1
262,0.3380305,1,14,1,1,1
263,0.2716453,1,14,1,1,1
264,0.3497984,1,14,1,1,1
265,0.3022888,1,14,1,1,1
266,0.344036,1,14,1,1,1
267,0.2990542,1,14,1,1,1
268,0.3130783,1,14,1,1,1
269,0.268998,1,14,1,1,1
270,0.2976022,1,14,1,1,1
271,0.3012435,1,14,1,1,1
272,0.3038327,1,14,1,1,1
273,0.3626582,1,14,1,1,1
274,0.3332901,1,14,1,1,1
275,0.2827958,1,14,1,1,1
276,0.3359033,1,14,1,1,1
277,0.3132867,1,14,1,1,1
278,0.3087491,1,14,1,1,1
279,0.2961847,1,14,1,1,1
280,0.3538338,1,14,1,1,1
281,0.2960473,1,14,1,1,1
282,0.2760036,1,14,1,1,1
283,0.3593428,1,14,1,1,1
284,0.2896882,1,14,1,1,1
285,NA,0,14,1,0,1
286,0.3265747,1,14,1,1,1
287,0.2498753,1,14,1,1,1
288,0.263498,1,14,1,1,1
289,0.2877546,1,14,1,1,1
290,0.2777955,1,14,1,1,1
291,0.2845739,1,14,1,1,1
292,0.2820596,1,14,1,1,1
293,NA,0,14,1,0,1
294,0.3219164,1,14,1,1,1
295,0.3403814,1,14,1,1,1
296,NA,0,14,1,0,1
297,NA,0,14,1,0,1
298,0.2710766,1,14,1,1,1
299,0.2672991,1,14,1,1,1
300,0.3621106,1,14,1,1,1
301,NA,0,14,1,1,0
302,NA,0,14,1,1,0
303,0.3621546,1,14,1,0,0
304,0.2892447,1,14,1,0,0
305,NA,0,14,1,1,0
306,NA,0,14,1,1,0
307,NA,0,14,1,1,0
308,NA,0,14,1,1,0
309,NA,0,14,1,1,0
310,NA,0,14,1,1,0
311,NA,0,14,1,1,0
312,NA,0,14,1,1,0
313,NA,0,14,1,1,0
314,NA,0,14,1,1,0
315,NA,0,14,1,1,0
316,NA,0,14,1,1,0
317,NA,0,14,1,1,0
318,NA,0,14,1,1,0
319,NA,0,14,1,1,0
320,NA,0,14,1,1,0
321,NA,0,1,1,1,0
322,0.2841034,1,1,1,0,0
323,NA,0,1,1,1,0
324,NA,0,1,1,1,0
325,NA,0,1,1,1,0
326,0.2558865,1,1,1,0,0
327,NA,0,1,1,1,0
328,NA,0,1,1,1,0
329,NA,0,1,1,1,0
330,0.214466,1,1,1,0,0
331,0.2502866,1,1,1,0,0
332,0.2059619,1,1,1,0,0
333,0.1289823,1,1,1,0,0
334,NA,0,1,1,1,0
335,0.2568355,1,1,1,0,0
336,0.1542945,1,1,1,0,0
337,NA,0,1,1,1,0
338,NA,0,1,1,1,0
339,0.268045,1,1,1,0,0
340,0.2794005,1,1,1,0,0
341,0.2292974,1,1,1,1,1
342,0.284744,1,1,1,1,1
343,0.2558488,1,1,1,1,1
344,0.2069348,1,1,1,1,1
345,0.2687153,1,1,1,1,1
346,0.2401056,1,1,1,1,1
347,0.2454559,1,1,1,1,1
348,0.2737732,1,1,1,1,1
349,0.3038068,1,1,1,1,1
350,0.3174883,1,1,1,1,1
351,0.270391,1,1,1,1,1
352,0.2919249,1,1,1,1,1
353,0.3542667,1,1,1,1,1
354,0.3103652,1,1,1,1,1
355,0.2766665,1,1,1,1,1
356,0.3477762,1,1,1,1,1
357,NA,0,1,1,0,1
358,0.3153651,1,1,1,1,1
359,0.3385598,1,1,1,1,1
360,0.2276214,1,1,1,1,1
361,0.2294584,1,1,1,1,1
362,0.2382945,1,1,1,1,1
363,0.2901831,1,1,1,1,1
364,0.2422796,1,1,1,1,1
365,0.3535036,1,1,1,1,1
366,0.2343262,1,1,1,1,1
367,0.2456307,1,1,1,1,1
368,0.3597692,1,1,1,1,1
369,0.2663528,1,1,1,1,1
370,0.1770449,1,1,1,1,1
371,0.3308214,1,1,1,1,1
372,0.3339014,1,1,1,1,1
373,0.2788744,1,1,1,1,1
374,0.2645046,1,1,1,1,1
375,0.2038413,1,1,1,1,1
376,0.1767147,1,1,1,1,1
377,0.2499216,1,1,1,1,1
378,0.3566749,1,1,1,1,1
379,NA,0,1,1,0,1
380,0.2348391,1,1,1,1,1
381,0.2587057,1,1,1,1,1
382,0.370667,1,1,1,1,1
383,0.2909751,1,1,1,1,1
384,0.3193632,1,1,1,1,1
385,0.2858209,1,1,1,1,1
386,0.0305132,1,1,1,1,1
387,0.2581797,1,1,1,1,1
388,0.2181628,1,1,1,1,1
389,0.2959293,1,1,1,1,1
390,0.2456232,1,1,1,1,1
391,0.2442041,1,1,1,1,1
392,0.1677307,1,1,1,1,1
393,NA,0,1,1,0,1
394,0.2304438,1,1,1,1,1
395,0.2846262,1,1,1,1,1
396,0.2630965,1,1,1,1,1
397,0.2897748,1,1,1,1,1
398,0.2209026,1,1,1,1,1
399,0.2773724,1,1,1,1,1
400,0.2582722,1,1,1,1,1
401,NA,0,1,1,1,0
402,0.1675057,1,1,1,0,0
403,NA,0,1,1,1,0
404,0.2424273,1,1,1,0,0
405,0.1567523,1,1,1,0,0
406,0.2582475,1,1,1,0,0
407,NA,0,1,1,1,0
408,NA,0,1,1,1,0
409,0.2353131,1,1,1,0,0
410,0.2541153,1,1,1,0,0
411,0.2830434,1,1,1,0,0
412,NA,0,1,1,1,0
413,0.2060917,1,1,1,0,0
414,NA,0,1,1,1,0
415,NA,0,1,1,1,0
416,0.1824388,1,1,1,0,0
417,NA,0,1,1,1,0
418,0.1115719,1,1,1,0,0
419,0.2733757,1,1,1,0,0
420,0.1984536,1,1,1,0,0
421,0.2505219,1,1,1,1,1
422,0.2239446,1,1,1,1,1
423,0.2529408,1,1,1,1,1
424,0.2311943,1,1,1,1,1
425,0.1725955,1,1,1,1,1
426,0.2476552,1,1,1,1,1
427,0.3279309,1,1,1,1,1
428,0.2093558,1,1,1,1,1
429,0.1908684,1,1,1,1,1
430,NA,0,1,1,0,1
431,0.2406211,1,1,1,1,1
432,0.2388239,1,1,1,1,1
433,0.3527471,1,1,1,1,1
434,0.3521204,1,1,1,1,1
435,0.285056,1,1,1,1,1
436,0.3391564,1,1,1,1,1
437,0.3627828,1,1,1,1,1
438,NA,0,1,1,0,1
439,0.3520769,1,1,1,1,1
440,0.1795561,1,1,1,1,1
441,0.2115625,1,1,1,1,1
442,0.2895234,1,1,1,1,1
443,0.264529,1,1,1,1,1
444,0.2172309,1,1,1,1,1
445,0.1734887,1,1,1,1,1
446,0.2790133,1,1,1,1,1
447,0.2909823,1,1,1,1,1
448,NA,0,1,1,0,1
449,0.1576694,1,1,1,1,1
450,0.189636,1,1,1,1,1
451,0.2883091,1,1,1,1,1
452,0.2817178,1,1,1,1,1
453,0.1653587,1,1,1,1,1
454,0.2247828,1,1,1,1,1
455,NA,0,1,1,0,1
456,0.2590488,1,1,1,1,1
457,0.1992674,1,1,1,1,1
458,0.3794657,1,1,1,1,1
459,NA,0,1,1,0,1
460,0.2115853,1,1,1,1,1
461,0.2491711,1,1,1,1,1
462,0.2215563,1,1,1,1,1
463,0.015427,1,1,1,1,1
464,0.2974663,1,1,1,1,1
465,NA,0,1,1,0,1
466,NA,0,1,1,0,1
467,0.1762605,1,1,1,1,1
468,NA,0,1,1,0,1
469,0.2839746,1,1,1,1,1
470,0.3731755,1,1,1,1,1
471,0.3788321,1,1,1,1,1
472,0.2480112,1,1,1,1,1
473,0.2338495,1,1,1,1,1
474,NA,0,1,1,0,1
475,0.2459507,1,1,1,1,1
476,0.2943901,1,1,1,1,1
477,NA,0,1,1,0,1
478,0.3556784,1,1,1,1,1
479,NA,0,1,1,0,1
480,0.2663568,1,1,1,1,1
481,NA,0,2,1,1,0
482,0.2070416,1,2,1,0,0
483,NA,0,2,1,1,0
484,NA,0,2,1,1,0
485,NA,0,2,1,1,0
486,NA,0,2,1,1,0
487,NA,0,2,1,1,0
488,NA,0,2,1,1,0
489,0.2372278,1,2,1,0,0
490,NA,0,2,1,1,0
491,NA,0,2,1,1,0
492,0.2674845,1,2,1,0,0
493,NA,0,2,1,1,0
494,NA,0,2,1,1,0
495,NA,0,2,1,1,0
496,NA,0,2,1,1,0
497,NA,0,2,1,1,0
498,NA,0,2,1,1,0
499,NA,0,2,1,1,0
500,NA,0,2,1,1,0
501,0.3291301,1,2,1,1,1
502,0.3163387,1,2,1,1,1
503,0.2422616,1,2,1,1,1
504,0.278409,1,2,1,1,1
505,0.3523871,1,2,1,1,1
506,0.3409216,1,2,1,1,1
507,0.3154393,1,2,1,1,1
508,0.324868,1,2,1,1,1
509,0.3334329,1,2,1,1,1
510,0.3090991,1,2,1,1,1
511,0.2982952,1,2,1,1,1
512,0.2867975,1,2,1,1,1
513,0.2663027,1,2,1,1,1
514,0.3168338,1,2,1,1,1
515,0.3588637,1,2,1,1,1
516,0.2789973,1,2,1,1,1
517,0.2938787,1,2,1,1,1
518,0.2907118,1,2,1,1,1
519,0.3083114,1,2,1,1,1
520,0.306326,1,2,1,1,1
521,0.3818402,1,2,1,1,1
522,0.3235156,1,2,1,1,1
523,0.2926471,1,2,1,1,1
524,0.2683756,1,2,1,1,1
525,0.3038451,1,2,1,1,1
526,0.2828153,1,2,1,1,1
527,0.2649368,1,2,1,1,1
528,0.3523273,1,2,1,1,1
529,0.2743149,1,2,1,1,1
530,0.2655752,1,2,1,1,1
531,0.2849987,1,2,1,1,1
532,0.2930496,1,2,1,1,1
533,0.2462668,1,2,1,1,1
534,0.2762416,1,2,1,1,1
535,0.2765783,1,2,1,1,1
536,0.2949826,1,2,1,1,1
537,0.2523012,1,2,1,1,1
538,0.2704635,1,2,1,1,1
539,0.2863759,1,2,1,1,1
540,0.2748473,1,2,1,1,1
541,0.3084267,1,2,1,1,1
542,0.2749734,1,2,1,1,1
543,0.263943,1,2,1,1,1
544,0.2756796,1,2,1,1,1
545,0.2682508,1,2,1,1,1
546,0.2917943,1,2,1,1,1
547,0.2617106,1,2,1,1,1
548,0.2835786,1,2,1,1,1
549,0.3042643,1,2,1,1,1
550,0.3052056,1,2,1,1,1
551,0.2217922,1,2,1,1,1
552,0.272288,1,2,1,1,1
553,0.2594414,1,2,1,1,1
554,0.2899168,1,2,1,1,1
555,0.2627255,1,2,1,1,1
556,NA,0,2,1,0,1
557,0.348504,1,2,1,1,1
558,0.2518997,1,2,1,1,1
559,0.2971633,1,2,1,1,1
560,0.2728111,1,2,1,1,1
561,NA,0,2,1,1,0
562,0.2335188,1,2,1,0,0
563,NA,0,2,1,1,0
564,NA,0,2,1,1,0
565,NA,0,2,1,1,0
566,NA,0,2,1,1,0
567,NA,0,2,1,1,0
568,NA,0,2,1,1,0
569,NA,0,2,1,1,0
570,NA,0,2,1,1,0
571,NA,0,2,1,1,0
572,NA,0,2,1,1,0
573,NA,0,2,1,1,0
574,0.3589991,1,2,1,0,0
575,NA,0,2,1,1,0
576,0.3245513,1,2,1,0,0
577,NA,0,2,1,1,0
578,NA,0,2,1,1,0
579,NA,0,2,1,1,0
580,NA,0,2,1,1,0
581,0.3764258,1,2,1,1,1
582,NA,0,2,1,0,1
583,NA,0,2,1,0,1
584,0.2804959,1,2,1,1,1
585,0.2689172,1,2,1,1,1
586,0.2932038,1,2,1,1,1
587,0.3370295,1,2,1,1,1
588,0.3296506,1,2,1,1,1
589,0.3346355,1,2,1,1,1
590,0.3129663,1,2,1,1,1
591,0.3231339,1,2,1,1,1
592,0.2764182,1,2,1,1,1
593,0.2991418,1,2,1,1,1
594,0.3029304,1,2,1,1,1
595,0.3783868,1,2,1,1,1
596,NA,0,2,1,0,1
597,NA,0,2,1,0,1
598,0.3521973,1,2,1,1,1
599,0.3338009,1,2,1,1,1
600,0.3070242,1,2,1,1,1
601,0.3327902,1,2,1,1,1
602,0.3683184,1,2,1,1,1
603,0.325297,1,2,1,1,1
604,NA,0,2,1,0,1
605,0.2819563,1,2,1,1,1
606,0.2482049,1,2,1,1,1
607,0.2739556,1,2,1,1,1
608,0.3216536,1,2,1,1,1
609,0.2970741,1,2,1,1,1
610,0.3033625,1,2,1,1,1
611,0.3266979,1,2,1,1,1
612,0.2882117,1,2,1,1,1
613,0.3030668,1,2,1,1,1
614,0.2550364,1,2,1,1,1
615,0.2787597,1,2,1,1,1
616,0.2942199,1,2,1,1,1
617,0.29629,1,2,1,1,1
618,0.3169954,1,2,1,1,1
619,0.3118885,1,2,1,1,1
620,NA,0,2,1,0,1
621,NA,0,2,1,0,1
622,0.352255,1,2,1,1,1
623,0.3636816,1,2,1,1,1
624,0.286221,1,2,1,1,1
625,NA,0,2,1,0,1
626,0.2912882,1,2,1,1,1
627,0.3395154,1,2,1,1,1
628,0.3106807,1,2,1,1,1
629,0.3278685,1,2,1,1,1
630,0.3274849,1,2,1,1,1
631,0.3211475,1,2,1,1,1
632,NA,0,2,1,0,1
633,NA,0,2,1,0,1
634,0.3155046,1,2,1,1,1
635,0.25117,1,2,1,1,1
636,0.306789,1,2,1,1,1
637,0.2458083,1,2,1,1,1
638,0.255018,1,2,1,1,1
639,0.2334572,1,2,1,1,1
640,0.2955117,1,2,1,1,1
641,0.3200284,1,3,1,1,1
642,0.2638626,1,3,1,1,1
643,0.2623181,1,3,1,1,1
644,0.3263618,1,3,1,1,1
645,0.2412335,1,3,1,1,1
646,0.2969373,1,3,1,1,1
647,NA,0,3,1,0,1
648,NA,0,3,1,0,1
649,0.2556694,1,3,1,1,1
650,0.2585336,1,3,1,1,1
651,0.3205455,1,3,1,1,1
652,0.2399059,1,3,1,1,1
653,0.2912075,1,3,1,1,1
654,0.3506291,1,3,1,1,1
655,NA,0,3,1,0,1
656,0.2600031,1,3,1,1,1
657,0.2648638,1,3,1,1,1
658,0.2494459,1,3,1,1,1
659,0.3368633,1,3,1,1,1
660,0.2698858,1,3,1,1,1
661,0.2352101,1,3,1,1,1
662,0.2553595,1,3,1,1,1
663,0.2872251,1,3,1,1,1
664,0.2478005,1,3,1,1,1
665,0.3780317,1,3,1,1,1
666,0.09436,1,3,1,1,1
667,NA,0,3,1,0,1
668,0.3022756,1,3,1,1,1
669,0.3164809,1,3,1,1,1
670,0.2965282,1,3,1,1,1
671,0.3457532,1,3,1,1,1
672,NA,0,3,1,0,1
673,0.2896581,1,3,1,1,1
674,0.3405066,1,3,1,1,1
675,NA,0,3,1,0,1
676,0.3607979,1,3,1,1,1
677,0.2859509,1,3,1,1,1
678,0.2829484,1,3,1,1,1
679,0.2745979,1,3,1,1,1
680,0.2861299,1,3,1,1,1
681,NA,0,3,1,0,1
682,NA,0,3,1,0,1
683,0.2744472,1,3,1,1,1
684,0.2718926,1,3,1,1,1
685,0.2909464,1,3,1,1,1
686,0.2744391,1,3,1,1,1
687,0.3794692,1,3,1,1,1
688,0.3559161,1,3,1,1,1
689,NA,0,3,1,0,1
690,0.3024194,1,3,1,1,1
691,0.2640695,1,3,1,1,1
692,0.374232,1,3,1,1,1
693,0.3714751,1,3,1,1,1
694,0.2646618,1,3,1,1,1
695,0.3070717,1,3,1,1,1
696,0.3307183,1,3,1,1,1
697,0.2969259,1,3,1,1,1
698,0.3128964,1,3,1,1,1
699,0.3507739,1,3,1,1,1
700,0.2870031,1,3,1,1,1
701,NA,0,3,1,1,0
702,NA,0,3,1,1,0
703,NA,0,3,1,1,0
704,NA,0,3,1,1,0
705,NA,0,3,1,1,0
706,NA,0,3,1,1,0
707,NA,0,3,1,1,0
708,0.2322462,1,3,1,0,0
709,NA,0,3,1,1,0
710,NA,0,3,1,1,0
711,0.319283,1,3,1,0,0
712,NA,0,3,1,1,0
713,0.3129534,1,3,1,0,0
714,0.3070345,1,3,1,0,0
715,0.3719004,1,3,1,0,0
716,NA,0,3,1,1,0
717,0.2711485,1,3,1,0,0
718,NA,0,3,1,1,0
719,0.3452233,1,3,1,0,0
720,0.2941601,1,3,1,0,0
721,0.267987,1,3,1,1,1
722,0.3259694,1,3,1,1,1
723,0.2955362,1,3,1,1,1
724,0.2372512,1,3,1,1,1
725,0.2702071,1,3,1,1,1
726,0.2656341,1,3,1,1,1
727,0.2852114,1,3,1,1,1
728,0.2711752,1,3,1,1,1
729,0.2398695,1,3,1,1,1
730,0.2552921,1,3,1,1,1
731,0.2701752,1,3,1,1,1
732,0.32411,1,3,1,1,1
733,0.2746782,1,3,1,1,1
734,0.2758613,1,3,1,1,1
735,0.2597596,1,3,1,1,1
736,0.3349625,1,3,1,1,1
737,0.2779026,1,3,1,1,1
738,0.2770648,1,3,1,1,1
739,0.2492672,1,3,1,1,1
740,0.2595636,1,3,1,1,1
741,0.2949813,1,3,1,1,1
742,0.2905626,1,3,1,1,1
743,0.3110341,1,3,1,1,1
744,0.2543099,1,3,1,1,1
745,0.2596422,1,3,1,1,1
746,0.2896602,1,3,1,1,1
747,0.2638669,1,3,1,1,1
748,0.3226621,1,3,1,1,1
749,0.2597452,1,3,1,1,1
750,NA,0,3,1,0,1
751,0.2963023,1,3,1,1,1
752,0.2691248,1,3,1,1,1
753,0.2601398,1,3,1,1,1
754,0.27062,1,3,1,1,1
755,0.269872,1,3,1,1,1
756,0.268038,1,3,1,1,1
757,0.2831963,1,3,1,1,1
758,NA,0,3,1,0,1
759,0.2934125,1,3,1,1,1
760,0.2581043,1,3,1,1,1
761,NA,0,3,1,0,1
762,0.2260974,1,3,1,1,1
763,0.2611159,1,3,1,1,1
764,0.2365689,1,3,1,1,1
765,0.2758862,1,3,1,1,1
766,0.3126897,1,3,1,1,1
767,0.2778421,1,3,1,1,1
768,0.2820023,1,3,1,1,1
769,0.2588259,1,3,1,1,1
770,0.2601596,1,3,1,1,1
771,0.2278957,1,3,1,1,1
772,0.2963548,1,3,1,1,1
773,0.2992487,1,3,1,1,1
774,0.2748696,1,3,1,1,1
775,0.3520424,1,3,1,1,1
776,0.3520179,1,3,1,1,1
777,0.277626,1,3,1,1,1
778,0.3055852,1,3,1,1,1
779,0.2650283,1,3,1,1,1
780,0.2668081,1,3,1,1,1
781,NA,0,3,1,1,0
782,NA,0,3,1,1,0
783,NA,0,3,1,1,0
784,NA,0,3,1,1,0
785,NA,0,3,1,1,0
786,NA,0,3,1,1,0
787,NA,0,3,1,1,0
788,0.2603031,1,3,1,0,0
789,NA,0,3,1,1,0
790,NA,0,3,1,1,0
791,NA,0,3,1,1,0
792,NA,0,3,1,1,0
793,NA,0,3,1,1,0
794,NA,0,3,1,1,0
795,NA,0,3,1,1,0
796,NA,0,3,1,1,0
797,NA,0,3,1,1,0
798,0.2904031,1,3,1,0,0
799,NA,0,3,1,1,0
800,NA,0,3,1,1,0
801,0.3292329,1,4,1,1,1
802,0.2433091,1,4,1,1,1
803,0.2684432,1,4,1,1,1
804,0.3308864,1,4,1,1,1
805,0.244839,1,4,1,1,1
806,0.2539618,1,4,1,1,1
807,0.2441,1,4,1,1,1
808,0.3334306,1,4,1,1,1
809,0.2773876,1,4,1,1,1
810,0.3371355,1,4,1,1,1
811,0.1979372,1,4,1,1,1
812,0.1727567,1,4,1,1,1
813,0.2534264,1,4,1,1,1
814,0.251744,1,4,1,1,1
815,0.3238668,1,4,1,1,1
816,0.2736093,1,4,1,1,1
817,0.2881522,1,4,1,1,1
818,0.2923201,1,4,1,1,1
819,0.3633134,1,4,1,1,1
820,0.3141851,1,4,1,1,1
821,0.2226168,1,4,1,1,1
822,0.3009972,1,4,1,1,1
823,0.2143629,1,4,1,1,1
824,0.3006286,1,4,1,1,1
825,0.2517588,1,4,1,1,1
826,0.1877977,1,4,1,1,1
827,0.2276941,1,4,1,1,1
828,0.202665,1,4,1,1,1
829,0.2833094,1,4,1,1,1
830,0.1849355,1,4,1,1,1
831,0.2138804,1,4,1,1,1
832,0.1631244,1,4,1,1,1
833,0.1758994,1,4,1,1,1
834,0.269836,1,4,1,1,1
835,0.3635983,1,4,1,1,1
836,0.2327273,1,4,1,1,1
837,0.2842882,1,4,1,1,1
838,0.236351,1,4,1,1,1
839,0.2563839,1,4,1,1,1
840,0.274182,1,4,1,1,1
841,0.2405613,1,4,1,1,1
842,0.2691579,1,4,1,1,1
843,0.216785,1,4,1,1,1
844,0.3311592,1,4,1,1,1
845,0.3101377,1,4,1,1,1
846,0.2038771,1,4,1,1,1
847,0.3518179,1,4,1,1,1
848,0.2468234,1,4,1,1,1
849,0.2538347,1,4,1,1,1
850,0.2299664,1,4,1,1,1
851,0.2339964,1,4,1,1,1
852,NA,0,4,1,0,1
853,0.2424782,1,4,1,1,1
854,0.2361251,1,4,1,1,1
855,0.311472,1,4,1,1,1
856,0.220033,1,4,1,1,1
857,0.2872468,1,4,1,1,1
858,0.2841877,1,4,1,1,1
859,0.2741801,1,4,1,1,1
860,0.2381687,1,4,1,1,1
861,NA,0,4,1,1,0
862,0.2454147,1,4,1,0,0
863,0.2190143,1,4,1,0,0
864,NA,0,4,1,1,0
865,0.2166454,1,4,1,0,0
866,NA,0,4,1,1,0
867,NA,0,4,1,1,0
868,0.119925,1,4,1,0,0
869,0.2534094,1,4,1,0,0
870,0.2263208,1,4,1,0,0
871,0.1552131,1,4,1,0,0
872,0.1847952,1,4,1,0,0
873,0.1447195,1,4,1,0,0
874,0.2272585,1,4,1,0,0
875,0.2164438,1,4,1,0,0
876,0.2030919,1,4,1,0,0
877,0.1635368,1,4,1,0,0
878,0.2507718,1,4,1,0,0
879,0.2218232,1,4,1,0,0
880,0.0662842,1,4,1,0,0
881,0.3291461,1,4,1,1,1
882,0.2860003,1,4,1,1,1
883,0.2524834,1,4,1,1,1
884,0.2162295,1,4,1,1,1
885,0.2567614,1,4,1,1,1
886,NA,0,4,1,0,1
887,0.2880669,1,4,1,1,1
888,0.2235455,1,4,1,1,1
889,0.1888142,1,4,1,1,1
890,0.2268718,1,4,1,1,1
891,0.2613649,1,4,1,1,1
892,0.223503,1,4,1,1,1
893,0.2576292,1,4,1,1,1
894,0.2467583,1,4,1,1,1
895,0.2233066,1,4,1,1,1
896,0.2368107,1,4,1,1,1
897,0.2474446,1,4,1,1,1
898,0.1840959,1,4,1,1,1
899,0.234118,1,4,1,1,1
900,0.2230072,1,4,1,1,1
901,0.2549806,1,4,1,1,1
902,0.2811835,1,4,1,1,1
903,0.2140812,1,4,1,1,1
904,0.2234283,1,4,1,1,1
905,0.1844584,1,4,1,1,1
906,0.2338882,1,4,1,1,1
907,0.3710769,1,4,1,1,1
908,0.2558909,1,4,1,1,1
909,0.2912944,1,4,1,1,1
910,0.2831225,1,4,1,1,1
911,0.2191593,1,4,1,1,1
912,0.244189,1,4,1,1,1
913,0.2711639,1,4,1,1,1
914,0.2794865,1,4,1,1,1
915,0.3335837,1,4,1,1,1
916,0.2557667,1,4,1,1,1
917,0.2149578,1,4,1,1,1
918,0.2009524,1,4,1,1,1
919,0.2475459,1,4,1,1,1
920,0.2647809,1,4,1,1,1
921,0.3136732,1,4,1,1,1
922,0.2477165,1,4,1,1,1
923,0.2776107,1,4,1,1,1
924,NA,0,4,1,0,1
925,0.3032562,1,4,1,1,1
926,0.2009097,1,4,1,1,1
927,0.3671981,1,4,1,1,1
928,NA,0,4,1,0,1
929,0.2344624,1,4,1,1,1
930,0.1677707,1,4,1,1,1
931,0.241333,1,4,1,1,1
932,0.2118501,1,4,1,1,1
933,NA,0,4,1,0,1
934,0.1816153,1,4,1,1,1
935,0.3425165,1,4,1,1,1
936,0.2883565,1,4,1,1,1
937,0.2487384,1,4,1,1,1
938,0.2048213,1,4,1,1,1
939,NA,0,4,1,0,1
940,0.2524895,1,4,1,1,1
941,NA,0,4,1,1,0
942,NA,0,4,1,1,0
943,NA,0,4,1,1,0
944,0.2622303,1,4,1,0,0
945,0.2578568,1,4,1,0,0
946,NA,0,4,1,1,0
947,NA,0,4,1,1,0
948,0.2413721,1,4,1,0,0
949,0.2360748,1,4,1,0,0
950,0.1992753,1,4,1,0,0
951,0.2311552,1,4,1,0,0
952,0.1996511,1,4,1,0,0
953,NA,0,4,1,1,0
954,NA,0,4,1,1,0
955,0.353962,1,4,1,0,0
956,0.231696,1,4,1,0,0
957,0.2438806,1,4,1,0,0
958,0.2282673,1,4,1,0,0
959,0.227844,1,4,1,0,0
960,NA,0,4,1,1,0
961,0.2949713,1,5,1,1,1
962,0.2493447,1,5,1,1,1
963,0.3099121,1,5,1,1,1
964,0.2611689,1,5,1,1,1
965,0.3354888,1,5,1,1,1
966,0.2944379,1,5,1,1,1
967,0.328531,1,5,1,1,1
968,0.3002686,1,5,1,1,1
969,0.3639526,1,5,1,1,1
970,0.2905296,1,5,1,1,1
971,0.3131938,1,5,1,1,1
972,0.3192383,1,5,1,1,1
973,NA,0,5,1,0,1
974,0.3299505,1,5,1,1,1
975,0.3005367,1,5,1,1,1
976,0.2502938,1,5,1,1,1
977,0.3835935,1,5,1,1,1
978,0.3468978,1,5,1,1,1
979,0.3122278,1,5,1,1,1
980,0.3590107,1,5,1,1,1
981,NA,0,5,1,0,1
982,0.323875,1,5,1,1,1
983,0.2759994,1,5,1,1,1
984,NA,0,5,1,0,1
985,NA,0,5,1,0,1
986,0.2343347,1,5,1,1,1
987,0.3461768,1,5,1,1,1
988,0.265575,1,5,1,1,1
989,0.2690754,1,5,1,1,1
990,0.2567711,1,5,1,1,1
991,NA,0,5,1,0,1
992,0.2048783,1,5,1,1,1
993,0.3160435,1,5,1,1,1
994,0.2527772,1,5,1,1,1
995,0.3102082,1,5,1,1,1
996,0.2432061,1,5,1,1,1
997,0.3130356,1,5,1,1,1
998,0.210211,1,5,1,1,1
999,0.2253194,1,5,1,1,1
1000,0.3117004,1,5,1,1,1
1001,0.2685208,1,5,1,1,1
1002,0.327134,1,5,1,1,1
1003,0.3165824,1,5,1,1,1
1004,0.3399182,1,5,1,1,1
1005,0.2858298,1,5,1,1,1
1006,0.2607677,1,5,1,1,1
1007,0.3185304,1,5,1,1,1
1008,0.3228035,1,5,1,1,1
1009,0.3225525,1,5,1,1,1
1010,0.2953843,1,5,1,1,1
1011,0.2936899,1,5,1,1,1
1012,0.2826812,1,5,1,1,1
1013,0.2838309,1,5,1,1,1
1014,0.260789,1,5,1,1,1
1015,0.3435458,1,5,1,1,1
1016,0.2382628,1,5,1,1,1
1017,0.3019171,1,5,1,1,1
1018,0.256997,1,5,1,1,1
1019,0.2749199,1,5,1,1,1
1020,NA,0,5,1,0,1
1021,NA,0,5,1,1,0
1022,NA,0,5,1,1,0
1023,NA,0,5,1,1,0
1024,NA,0,5,1,1,0
1025,NA,0,5,1,1,0
1026,NA,0,5,1,1,0
1027,NA,0,5,1,1,0
1028,NA,0,5,1,1,0
1029,NA,0,5,1,1,0
1030,0.2256225,1,5,1,0,0
1031,0.2589642,1,5,1,0,0
1032,NA,0,5,1,1,0
1033,0.181847,1,5,1,0,0
1034,NA,0,5,1,1,0
1035,NA,0,5,1,1,0
1036,NA,0,5,1,1,0
1037,0.2009444,1,5,1,0,0
1038,NA,0,5,1,1,0
1039,NA,0,5,1,1,0
1040,NA,0,5,1,1,0
1041,0.246446,1,5,1,1,1
1042,0.2360643,1,5,1,1,1
1043,0.2602736,1,5,1,1,1
1044,0.2445572,1,5,1,1,1
1045,0.2598871,1,5,1,1,1
1046,0.2848902,1,5,1,1,1
1047,0.2855286,1,5,1,1,1
1048,0.2370546,1,5,1,1,1
1049,0.2711927,1,5,1,1,1
1050,0.2151579,1,5,1,1,1
1051,0.285386,1,5,1,1,1
1052,0.3055874,1,5,1,1,1
1053,0.2771599,1,5,1,1,1
1054,0.2604467,1,5,1,1,1
1055,0.2981956,1,5,1,1,1
1056,0.2924693,1,5,1,1,1
1057,0.2824122,1,5,1,1,1
1058,0.3667345,1,5,1,1,1
1059,0.2822089,1,5,1,1,1
1060,0.3025355,1,5,1,1,1
1061,0.2821622,1,5,1,1,1
1062,0.2713935,1,5,1,1,1
1063,0.2682824,1,5,1,1,1
1064,0.3019097,1,5,1,1,1
1065,0.237682,1,5,1,1,1
1066,0.2809449,1,5,1,1,1
1067,0.2312487,1,5,1,1,1
1068,0.2380397,1,5,1,1,1
1069,0.3395703,1,5,1,1,1
1070,0.2386795,1,5,1,1,1
1071,0.2711738,1,5,1,1,1
1072,0.2578911,1,5,1,1,1
1073,0.2269304,1,5,1,1,1
1074,0.2804628,1,5,1,1,1
1075,0.2182391,1,5,1,1,1
1076,0.2151021,1,5,1,1,1
1077,0.254694,1,5,1,1,1
1078,0.2802114,1,5,1,1,1
1079,0.2780983,1,5,1,1,1
1080,0.2252257,1,5,1,1,1
1081,0.2330078,1,5,1,1,1
1082,0.2523186,1,5,1,1,1
1083,0.2432968,1,5,1,1,1
1084,0.318034,1,5,1,1,1
1085,0.2358339,1,5,1,1,1
1086,0.2963548,1,5,1,1,1
1087,0.2567007,1,5,1,1,1
1088,0.2392039,1,5,1,1,1
1089,0.2703768,1,5,1,1,1
1090,0.2509903,1,5,1,1,1
1091,0.3274661,1,5,1,1,1
1092,0.2560109,1,5,1,1,1
1093,0.3323365,1,5,1,1,1
1094,0.2792061,1,5,1,1,1
1095,0.2515143,1,5,1,1,1
1096,0.2697592,1,5,1,1,1
1097,0.2673004,1,5,1,1,1
1098,0.2416468,1,5,1,1,1
1099,0.2479891,1,5,1,1,1
1100,0.2965287,1,5,1,1,1
1101,0.2718345,1,5,1,0,0
1102,NA,0,5,1,1,0
1103,0.2404067,1,5,1,0,0
1104,NA,0,5,1,1,0
1105,0.2470005,1,5,1,0,0
1106,NA,0,5,1,1,0
1107,NA,0,5,1,1,0
1108,NA,0,5,1,1,0
1109,NA,0,5,1,1,0
1110,NA,0,5,1,1,0
1111,NA,0,5,1,1,0
1112,NA,0,5,1,1,0
1113,NA,0,5,1,1,0
1114,NA,0,5,1,1,0
1115,NA,0,5,1,1,0
1116,NA,0,5,1,1,0
1117,NA,0,5,1,1,0
1118,NA,0,5,1,1,0
1119,NA,0,5,1,1,0
1120,NA,0,5,1,1,0
1121,NA,0,6,1,1,0
1122,NA,0,6,1,1,0
1123,NA,0,6,1,1,0
1124,NA,0,6,1,1,0
1125,NA,0,6,1,1,0
1126,NA,0,6,1,1,0
1127,NA,0,6,1,1,0
1128,NA,0,6,1,1,0
1129,NA,0,6,1,1,0
1130,NA,0,6,1,1,0
1131,NA,0,6,1,1,0
1132,NA,0,6,1,1,0
1133,NA,0,6,1,1,0
1134,NA,0,6,1,1,0
1135,NA,0,6,1,1,0
1136,NA,0,6,1,1,0
1137,NA,0,6,1,1,0
1138,NA,0,6,1,1,0
1139,NA,0,6,1,1,0
1140,NA,0,6,1,1,0
1141,0.2839275,1,6,1,1,1
1142,0.3010645,1,6,1,1,1
1143,0.2801613,1,6,1,1,1
1144,0.2818506,1,6,1,1,1
1145,0.2791807,1,6,1,1,1
1146,0.3256659,1,6,1,1,1
1147,0.3131935,1,6,1,1,1
1148,NA,0,6,1,0,1
1149,0.3098276,1,6,1,1,1
1150,0.3211293,1,6,1,1,1
1151,0.3007423,1,6,1,1,1
1152,0.2937928,1,6,1,1,1
1153,0.2857215,1,6,1,1,1
1154,0.3172591,1,6,1,1,1
1155,0.2828592,1,6,1,1,1
1156,0.2917515,1,6,1,1,1
1157,0.3413855,1,6,1,1,1
1158,0.3313002,1,6,1,1,1
1159,0.2294084,1,6,1,1,1
1160,0.3255758,1,6,1,1,1
1161,0.3722906,1,6,1,1,1
1162,0.3732351,1,6,1,1,1
1163,0.3244868,1,6,1,1,1
1164,0.3781439,1,6,1,1,1
1165,0.3651159,1,6,1,1,1
1166,0.3571727,1,6,1,1,1
1167,NA,0,6,1,0,1
1168,0.2980883,1,6,1,1,1
1169,0.3437505,1,6,1,1,1
1170,0.3046109,1,6,1,1,1
1171,0.3670001,1,6,1,1,1
1172,0.3218375,1,6,1,1,1
1173,0.2665317,1,6,1,1,1
1174,0.2996207,1,6,1,1,1
1175,0.3447828,1,6,1,1,1
1176,0.3558223,1,6,1,1,1
1177,NA,0,6,1,0,1
1178,0.3462877,1,6,1,1,1
1179,NA,0,6,1,0,1
1180,0.2769854,1,6,1,1,1
1181,0.293423,1,6,1,1,1
1182,0.3459043,1,6,1,1,1
1183,0.3136859,1,6,1,1,1
1184,0.2904773,1,6,1,1,1
1185,0.2980216,1,6,1,1,1
1186,0.3446498,1,6,1,1,1
1187,0.2602763,1,6,1,1,1
1188,0.3595037,1,6,1,1,1
1189,0.2800825,1,6,1,1,1
1190,0.3422728,1,6,1,1,1
1191,NA,0,6,1,0,1
1192,0.3098186,1,6,1,1,1
1193,NA,0,6,1,0,1
1194,0.3225447,1,6,1,1,1
1195,0.2828176,1,6,1,1,1
1196,0.3808814,1,6,1,1,1
1197,0.3671377,1,6,1,1,1
1198,NA,0,6,1,0,1
1199,0.3494594,1,6,1,1,1
1200,NA,0,6,1,0,1
1201,NA,0,6,1,1,0
1202,NA,0,6,1,1,0
1203,NA,0,6,1,1,0
1204,NA,0,6,1,1,0
1205,NA,0,6,1,1,0
1206,0.3238042,1,6,1,0,0
1207,NA,0,6,1,1,0
1208,NA,0,6,1,1,0
1209,NA,0,6,1,1,0
1210,NA,0,6,1,1,0
1211,NA,0,6,1,1,0
1212,NA,0,6,1,1,0
1213,NA,0,6,1,1,0
1214,NA,0,6,1,1,0
1215,NA,0,6,1,1,0
1216,NA,0,6,1,1,0
1217,NA,0,6,1,1,0
1218,NA,0,6,1,1,0
1219,NA,0,6,1,1,0
1220,NA,0,6,1,1,0
1221,0.3413528,1,6,1,1,1
1222,0.3272034,1,6,1,1,1
1223,0.250186,1,6,1,1,1
1224,0.2528006,1,6,1,1,1
1225,0.3092884,1,6,1,1,1
1226,0.3197063,1,6,1,1,1
1227,0.287909,1,6,1,1,1
1228,0.2396195,1,6,1,1,1
1229,0.3725102,1,6,1,1,1
1230,0.2766674,1,6,1,1,1
1231,0.3564261,1,6,1,1,1
1232,0.3040001,1,6,1,1,1
1233,0.3505295,1,6,1,1,1
1234,0.3299042,1,6,1,1,1
1235,0.3108669,1,6,1,1,1
1236,0.3027436,1,6,1,1,1
1237,0.2934198,1,6,1,1,1
1238,0.2670456,1,6,1,1,1
1239,0.2530706,1,6,1,1,1
1240,0.2914292,1,6,1,1,1
1241,0.2795815,1,6,1,1,1
1242,0.3093446,1,6,1,1,1
1243,0.318184,1,6,1,1,1
1244,0.3341923,1,6,1,1,1
1245,0.2808346,1,6,1,1,1
1246,0.3253338,1,6,1,1,1
1247,0.3696325,1,6,1,1,1
1248,0.3102164,1,6,1,1,1
1249,0.3030987,1,6,1,1,1
1250,0.3715824,1,6,1,1,1
1251,0.339441,1,6,1,1,1
1252,0.3452981,1,6,1,1,1
1253,0.2709341,1,6,1,1,1
1254,0.3090241,1,6,1,1,1
1255,0.3054555,1,6,1,1,1
1256,0.2813864,1,6,1,1,1
1257,0.3403329,1,6,1,1,1
1258,0.3649141,1,6,1,1,1
1259,0.3246532,1,6,1,1,1
1260,0.3554318,1,6,1,1,1
1261,0.2962371,1,6,1,1,1
1262,NA,0,6,1,0,1
1263,0.2931862,1,6,1,1,1
1264,0.3366991,1,6,1,1,1
1265,0.3116057,1,6,1,1,1
1266,0.3366815,1,6,1,1,1
1267,0.2589781,1,6,1,1,1
1268,0.2904844,1,6,1,1,1
1269,0.3121908,1,6,1,1,1
1270,0.3013089,1,6,1,1,1
1271,0.2793262,1,6,1,1,1
1272,0.3747484,1,6,1,1,1
1273,0.3517623,1,6,1,1,1
1274,0.2703072,1,6,1,1,1
1275,0.2962781,1,6,1,1,1
1276,0.348918,1,6,1,1,1
1277,0.2949575,1,6,1,1,1
1278,0.3049128,1,6,1,1,1
1279,0.3481636,1,6,1,1,1
1280,0.3194268,1,6,1,1,1
1281,NA,0,7,1,1,0
1282,NA,0,7,1,1,0
1283,NA,0,7,1,1,0
1284,NA,0,7,1,1,0
1285,NA,0,7,1,1,0
1286,NA,0,7,1,1,0
1287,NA,0,7,1,1,0
1288,NA,0,7,1,1,0
1289,NA,0,7,1,1,0
1290,NA,0,7,1,1,0
1291,NA,0,7,1,1,0
1292,NA,0,7,1,1,0
1293,0.2279586,1,7,1,0,0
1294,NA,0,7,1,1,0
1295,NA,0,7,1,1,0
1296,NA,0,7,1,1,0
1297,NA,0,7,1,1,0
1298,NA,0,7,1,1,0
1299,NA,0,7,1,1,0
1300,NA,0,7,1,1,0
1301,0.3127444,1,7,1,1,1
1302,0.3315829,1,7,1,1,1
1303,0.2869314,1,7,1,1,1
1304,0.314657,1,7,1,1,1
1305,0.2268879,1,7,1,1,1
1306,0.3102131,1,7,1,1,1
1307,0.2853515,1,7,1,1,1
1308,0.2906681,1,7,1,1,1
1309,NA,0,7,1,0,1
1310,0.2988101,1,7,1,1,1
1311,0.3801118,1,7,1,1,1
1312,0.2816437,1,7,1,1,1
1313,0.3323988,1,7,1,1,1
1314,0.3435691,1,7,1,1,1
1315,0.2271503,1,7,1,1,1
1316,0.3174335,1,7,1,1,1
1317,0.3532704,1,7,1,1,1
1318,0.2798775,1,7,1,1,1
1319,0.3020186,1,7,1,1,1
1320,0.306548,1,7,1,1,1
1321,0.2761304,1,7,1,1,1
1322,0.259991,1,7,1,1,1
1323,NA,0,7,1,0,1
1324,0.243569,1,7,1,1,1
1325,0.26105,1,7,1,1,1
1326,NA,0,7,1,0,1
1327,0.274337,1,7,1,1,1
1328,NA,0,7,1,0,1
1329,0.2911755,1,7,1,1,1
1330,0.3524954,1,7,1,1,1
1331,0.2930227,1,7,1,1,1
1332,NA,0,7,1,0,1
1333,0.2569973,1,7,1,1,1
1334,0.3286603,1,7,1,1,1
1335,0.2762556,1,7,1,1,1
1336,0.3205505,1,7,1,1,1
1337,0.2688737,1,7,1,1,1
1338,0.2842022,1,7,1,1,1
1339,NA,0,7,1,0,1
1340,0.2964082,1,7,1,1,1
1341,0.3229671,1,7,1,1,1
1342,0.3043841,1,7,1,1,1
1343,0.2831279,1,7,1,1,1
1344,0.2631323,1,7,1,1,1
1345,0.2384992,1,7,1,1,1
1346,0.3079886,1,7,1,1,1
1347,0.28259,1,7,1,1,1
1348,0.2507171,1,7,1,1,1
1349,0.3240297,1,7,1,1,1
1350,0.2320326,1,7,1,1,1
1351,0.2764548,1,7,1,1,1
1352,0.2807957,1,7,1,1,1
1353,NA,0,7,1,0,1
1354,0.2717181,1,7,1,1,1
1355,0.2778184,1,7,1,1,1
1356,NA,0,7,1,0,1
1357,NA,0,7,1,0,1
1358,0.2992698,1,7,1,1,1
1359,0.273979,1,7,1,1,1
1360,0.3176603,1,7,1,1,1
1361,NA,0,7,1,1,0
1362,NA,0,7,1,1,0
1363,NA,0,7,1,1,0
1364,NA,0,7,1,1,0
1365,NA,0,7,1,1,0
1366,NA,0,7,1,1,0
1367,NA,0,7,1,1,0
1368,NA,0,7,1,1,0
1369,NA,0,7,1,1,0
1370,NA,0,7,1,1,0
1371,NA,0,7,1,1,0
1372,NA,0,7,1,1,0
1373,NA,0,7,1,1,0
1374,NA,0,7,1,1,0
1375,NA,0,7,1,1,0
1376,NA,0,7,1,1,0
1377,NA,0,7,1,1,0
1378,NA,0,7,1,1,0
1379,NA,0,7,1,1,0
1380,NA,0,7,1,1,0
1381,NA,0,7,1,0,1
1382,0.2850012,1,7,1,1,1
1383,0.2769436,1,7,1,1,1
1384,0.2757395,1,7,1,1,1
1385,0.2437191,1,7,1,1,1
1386,0.3420708,1,7,1,1,1
1387,0.2566549,1,7,1,1,1
1388,0.3004542,1,7,1,1,1
1389,0.2836324,1,7,1,1,1
1390,0.2834767,1,7,1,1,1
1391,0.2624765,1,7,1,1,1
1392,0.2772326,1,7,1,1,1
1393,0.3588735,1,7,1,1,1
1394,0.355997,1,7,1,1,1
1395,NA,0,7,1,0,1
1396,0.2865742,1,7,1,1,1
1397,NA,0,7,1,0,1
1398,0.2861899,1,7,1,1,1
1399,0.2277319,1,7,1,1,1
1400,0.3733002,1,7,1,1,1
1401,0.295347,1,7,1,1,1
1402,0.3266152,1,7,1,1,1
1403,0.3230359,1,7,1,1,1
1404,0.2846756,1,7,1,1,1
1405,0.3475647,1,7,1,1,1
1406,0.2947002,1,7,1,1,1
1407,0.3620985,1,7,1,1,1
1408,0.3412824,1,7,1,1,1
1409,0.3034488,1,7,1,1,1
1410,0.2924191,1,7,1,1,1
1411,0.3503511,1,7,1,1,1
1412,0.2494208,1,7,1,1,1
1413,0.3452802,1,7,1,1,1
1414,0.2974324,1,7,1,1,1
1415,0.2371572,1,7,1,1,1
1416,0.2872316,1,7,1,1,1
1417,NA,0,7,1,0,1
1418,0.3063177,1,7,1,1,1
1419,0.2925161,1,7,1,1,1
1420,0.3254644,1,7,1,1,1
1421,0.2671335,1,7,1,1,1
1422,0.2461647,1,7,1,1,1
1423,0.252973,1,7,1,1,1
1424,0.2891415,1,7,1,1,1
1425,0.295614,1,7,1,1,1
1426,0.2931437,1,7,1,1,1
1427,0.295075,1,7,1,1,1
1428,0.3433233,1,7,1,1,1
1429,0.3102355,1,7,1,1,1
1430,0.2827376,1,7,1,1,1
1431,0.2934733,1,7,1,1,1
1432,0.2821966,1,7,1,1,1
1433,0.3302626,1,7,1,1,1
1434,0.2952022,1,7,1,1,1
1435,0.2942488,1,7,1,1,1
1436,0.2683984,1,7,1,1,1
1437,0.3183903,1,7,1,1,1
1438,0.3202353,1,7,1,1,1
1439,0.2691688,1,7,1,1,1
1440,NA,0,7,1,0,1
1441,0.2882831,1,8,1,0,0
1442,0.2422677,1,8,1,0,0
1443,NA,0,8,1,1,0
1444,0.2085875,1,8,1,0,0
1445,0.2664686,1,8,1,0,0
1446,NA,0,8,1,1,0
1447,0.2949558,1,8,1,0,0
1448,0.3548583,1,8,1,0,0
1449,NA,0,8,1,1,0
1450,NA,0,8,1,1,0
1451,0.3504842,1,8,1,0,0
1452,NA,0,8,1,1,0
1453,NA,0,8,1,1,0
1454,NA,0,8,1,1,0
1455,NA,0,8,1,1,0
1456,0.2993049,1,8,1,0,0
1457,NA,0,8,1,1,0
1458,0.2326882,1,8,1,0,0
1459,0.1787899,1,8,1,0,0
1460,0.1671248,1,8,1,0,0
1461,NA,0,8,1,0,1
1462,NA,0,8,1,0,1
1463,0.3522993,1,8,1,1,1
1464,NA,0,8,1,0,1
1465,NA,0,8,1,0,1
1466,NA,0,8,1,0,1
1467,NA,0,8,1,0,1
1468,0.3353097,1,8,1,1,1
1469,NA,0,8,1,0,1
1470,NA,0,8,1,0,1
1471,NA,0,8,1,0,1
1472,NA,0,8,1,0,1
1473,NA,0,8,1,0,1
1474,0.2126128,1,8,1,1,1
1475,NA,0,8,1,0,1
1476,NA,0,8,1,0,1
1477,NA,0,8,1,0,1
1478,NA,0,8,1,0,1
1479,NA,0,8,1,0,1
1480,NA,0,8,1,0,1
1481,NA,0,8,1,0,1
1482,NA,0,8,1,0,1
1483,0.1634741,1,8,1,1,1
1484,NA,0,8,1,0,1
1485,NA,0,8,1,0,1
1486,0.2572444,1,8,1,1,1
1487,0.2523665,1,8,1,1,1
1488,0.2090188,1,8,1,1,1
1489,0.2684343,1,8,1,1,1
1490,0.3075645,1,8,1,1,1
1491,0.2397354,1,8,1,1,1
1492,0.2295491,1,8,1,1,1
1493,0.2619583,1,8,1,1,1
1494,0.2284601,1,8,1,1,1
1495,0.1979308,1,8,1,1,1
1496,0.2969112,1,8,1,1,1
1497,0.3059151,1,8,1,1,1
1498,0.2836622,1,8,1,1,1
1499,NA,0,8,1,0,1
1500,0.2837932,1,8,1,1,1
1501,NA,0,8,1,0,1
1502,0.3471822,1,8,1,1,1
1503,0.2763679,1,8,1,1,1
1504,NA,0,8,1,0,1
1505,0.2421977,1,8,1,1,1
1506,0.2094535,1,8,1,1,1
1507,NA,0,8,1,0,1
1508,NA,0,8,1,0,1
1509,NA,0,8,1,0,1
1510,0.3103742,1,8,1,1,1
1511,0.3319213,1,8,1,1,1
1512,0.2608856,1,8,1,1,1
1513,0.2852542,1,8,1,1,1
1514,NA,0,8,1,0,1
1515,0.3538238,1,8,1,1,1
1516,NA,0,8,1,0,1
1517,NA,0,8,1,0,1
1518,0.2829956,1,8,1,1,1
1519,NA,0,8,1,0,1
1520,0.3662855,1,8,1,1,1
1521,0.2610248,1,8,1,0,0
1522,0.3149525,1,8,1,0,0
1523,0.3244304,1,8,1,0,0
1524,0.3433581,1,8,1,0,0
1525,0.2407746,1,8,1,0,0
1526,0.3116927,1,8,1,0,0
1527,0.3312758,1,8,1,0,0
1528,NA,0,8,1,1,0
1529,NA,0,8,1,1,0
1530,0.27994,1,8,1,0,0
1531,NA,0,8,1,1,0
1532,NA,0,8,1,1,0
1533,0.308852,1,8,1,0,0
1534,0.3083836,1,8,1,0,0
1535,NA,0,8,1,1,0
1536,0.3181621,1,8,1,0,0
1537,0.3082342,1,8,1,0,0
1538,NA,0,8,1,1,0
1539,0.2686506,1,8,1,0,0
1540,0.3249806,1,8,1,0,0
1541,NA,0,8,1,0,1
1542,0.2645691,1,8,1,1,1
1543,0.2069107,1,8,1,1,1
1544,0.235083,1,8,1,1,1
1545,0.2111817,1,8,1,1,1
1546,0.1521939,1,8,1,1,1
1547,0.1817317,1,8,1,1,1
1548,0.2552914,1,8,1,1,1
1549,0.1726015,1,8,1,1,1
1550,0.204851,1,8,1,1,1
1551,0.2454303,1,8,1,1,1
1552,0.2189592,1,8,1,1,1
1553,0.3445063,1,8,1,1,1
1554,NA,0,8,1,0,1
1555,NA,0,8,1,0,1
1556,NA,0,8,1,0,1
1557,0.2430112,1,8,1,1,1
1558,0.23589,1,8,1,1,1
1559,0.2529427,1,8,1,1,1
1560,0.2740137,1,8,1,1,1
1561,NA,0,8,1,0,1
1562,NA,0,8,1,0,1
1563,0.3833192,1,8,1,1,1
1564,0.2286953,1,8,1,1,1
1565,NA,0,8,1,0,1
1566,0.3082013,1,8,1,1,1
1567,0.2238553,1,8,1,1,1
1568,0.1821768,1,8,1,1,1
1569,0.2432968,1,8,1,1,1
1570,NA,0,8,1,0,1
1571,0.3064066,1,8,1,1,1
1572,0.2963777,1,8,1,1,1
1573,0.385068,1,8,1,1,1
1574,0.1484097,1,8,1,1,1
1575,0.2143562,1,8,1,1,1
1576,NA,0,8,1,0,1
1577,0.2485031,1,8,1,1,1
1578,0.3079679,1,8,1,1,1
1579,NA,0,8,1,0,1
1580,NA,0,8,1,0,1
1581,NA,0,8,1,0,1
1582,NA,0,8,1,0,1
1583,0.2266745,1,8,1,1,1
1584,0.295405,1,8,1,1,1
1585,0.3838772,1,8,1,1,1
1586,0.3317497,1,8,1,1,1
1587,NA,0,8,1,0,1
1588,0.2549572,1,8,1,1,1
1589,NA,0,8,1,0,1
1590,0.2437275,1,8,1,1,1
1591,0.2815355,1,8,1,1,1
1592,0.3448804,1,8,1,1,1
1593,NA,0,8,1,0,1
1594,NA,0,8,1,0,1
1595,0.3518915,1,8,1,1,1
1596,0.3000558,1,8,1,1,1
1597,0.2663276,1,8,1,1,1
1598,0.1679949,1,8,1,1,1
1599,0.1609545,1,8,1,1,1
1600,0.2358607,1,8,1,1,1
1601,NA,0,9,1,0,1
1602,0.2691643,1,9,1,1,1
1603,0.2526917,1,9,1,1,1
1604,0.2490461,1,9,1,1,1
1605,0.2845882,1,9,1,1,1
1606,0.2669274,1,9,1,1,1
1607,0.346074,1,9,1,1,1
1608,0.2436605,1,9,1,1,1
1609,0.1376716,1,9,1,1,1
1610,0.2817183,1,9,1,1,1
1611,0.3026008,1,9,1,1,1
1612,NA,0,9,1,0,1
1613,NA,0,9,1,0,1
1614,NA,0,9,1,0,1
1615,NA,0,9,1,0,1
1616,0.2850138,1,9,1,1,1
1617,0.2798336,1,9,1,1,1
1618,0.2639163,1,9,1,1,1
1619,0.1986253,1,9,1,1,1
1620,0.1840858,1,9,1,1,1
1621,NA,0,9,1,0,1
1622,0.2662764,1,9,1,1,1
1623,0.3000519,1,9,1,1,1
1624,0.297826,1,9,1,1,1
1625,0.2523137,1,9,1,1,1
1626,0.2650702,1,9,1,1,1
1627,0.3141569,1,9,1,1,1
1628,0.3073864,1,9,1,1,1
1629,0.267916,1,9,1,1,1
1630,0.3276612,1,9,1,1,1
1631,NA,0,9,1,0,1
1632,NA,0,9,1,0,1
1633,NA,0,9,1,0,1
1634,0.2729363,1,9,1,1,1
1635,0.2514338,1,9,1,1,1
1636,0.3083016,1,9,1,1,1
1637,0.2780226,1,9,1,1,1
1638,0.2486003,1,9,1,1,1
1639,NA,0,9,1,0,1
1640,0.3525799,1,9,1,1,1
1641,0.2523123,1,9,1,1,1
1642,0.2918994,1,9,1,1,1
1643,0.3145839,1,9,1,1,1
1644,0.2884061,1,9,1,1,1
1645,0.3593073,1,9,1,1,1
1646,0.2230305,1,9,1,1,1
1647,0.2312838,1,9,1,1,1
1648,0.3497847,1,9,1,1,1
1649,0.2299472,1,9,1,1,1
1650,0.3759731,1,9,1,1,1
1651,0.3815778,1,9,1,1,1
1652,NA,0,9,1,0,1
1653,NA,0,9,1,0,1
1654,NA,0,9,1,0,1
1655,0.3109908,1,9,1,1,1
1656,0.2220053,1,9,1,1,1
1657,0.3056118,1,9,1,1,1
1658,0.2672709,1,9,1,1,1
1659,0.2676278,1,9,1,1,1
1660,0.2741664,1,9,1,1,1
1661,0.189043,1,9,1,0,0
1662,NA,0,9,1,1,0
1663,NA,0,9,1,1,0
1664,0.2045847,1,9,1,0,0
1665,0.2004739,1,9,1,0,0
1666,NA,0,9,1,1,0
1667,NA,0,9,1,1,0
1668,NA,0,9,1,1,0
1669,NA,0,9,1,1,0
1670,0.3155549,1,9,1,0,0
1671,NA,0,9,1,1,0
1672,NA,0,9,1,1,0
1673,NA,0,9,1,1,0
1674,0.3230918,1,9,1,0,0
1675,0.3192682,1,9,1,0,0
1676,NA,0,9,1,1,0
1677,NA,0,9,1,1,0
1678,NA,0,9,1,1,0
1679,0.2281382,1,9,1,0,0
1680,NA,0,9,1,1,0
1681,0.2578189,1,9,1,1,1
1682,0.3090188,1,9,1,1,1
1683,0.3329533,1,9,1,1,1
1684,0.300934,1,9,1,1,1
1685,0.2641284,1,9,1,1,1
1686,0.3686562,1,9,1,1,1
1687,NA,0,9,1,0,1
1688,0.2304082,1,9,1,1,1
1689,0.2817589,1,9,1,1,1
1690,0.231189,1,9,1,1,1
1691,0.2806487,1,9,1,1,1
1692,NA,0,9,1,0,1
1693,0.2905067,1,9,1,1,1
1694,0.2460743,1,9,1,1,1
1695,0.3314674,1,9,1,1,1
1696,0.2905704,1,9,1,1,1
1697,0.2881277,1,9,1,1,1
1698,0.3169164,1,9,1,1,1
1699,0.1823886,1,9,1,1,1
1700,0.2919926,1,9,1,1,1
1701,0.2965057,1,9,1,1,1
1702,NA,0,9,1,0,1
1703,0.3126959,1,9,1,1,1
1704,0.358494,1,9,1,1,1
1705,0.3278127,1,9,1,1,1
1706,0.3007248,1,9,1,1,1
1707,0.284437,1,9,1,1,1
1708,0.3398225,1,9,1,1,1
1709,0.2989336,1,9,1,1,1
1710,NA,0,9,1,0,1
1711,0.2648499,1,9,1,1,1
1712,0.2960427,1,9,1,1,1
1713,NA,0,9,1,0,1
1714,0.3098066,1,9,1,1,1
1715,0.2795177,1,9,1,1,1
1716,0.3142971,1,9,1,1,1
1717,NA,0,9,1,0,1
1718,0.3249715,1,9,1,1,1
1719,0.272269,1,9,1,1,1
1720,NA,0,9,1,0,1
1721,0.2427552,1,9,1,1,1
1722,0.1640472,1,9,1,1,1
1723,0.3035475,1,9,1,1,1
1724,0.3038132,1,9,1,1,1
1725,0.2886399,1,9,1,1,1
1726,0.2036636,1,9,1,1,1
1727,0.1920127,1,9,1,1,1
1728,NA,0,9,1,0,1
1729,0.2491745,1,9,1,1,1
1730,0.3130095,1,9,1,1,1
1731,NA,0,9,1,0,1
1732,0.3800056,1,9,1,1,1
1733,0.2566675,1,9,1,1,1
1734,0.3176877,1,9,1,1,1
1735,0.3201788,1,9,1,1,1
1736,0.2599843,1,9,1,1,1
1737,0.2740724,1,9,1,1,1
1738,NA,0,9,1,0,1
1739,0.2897451,1,9,1,1,1
1740,0.312114,1,9,1,1,1
1741,0.2496683,1,9,1,0,0
1742,0.2935844,1,9,1,0,0
1743,0.3256076,1,9,1,0,0
1744,NA,0,9,1,1,0
1745,NA,0,9,1,1,0
1746,NA,0,9,1,1,0
1747,0.2004244,1,9,1,0,0
1748,0.3087759,1,9,1,0,0
1749,NA,0,9,1,1,0
1750,NA,0,9,1,1,0
1751,NA,0,9,1,1,0
1752,NA,0,9,1,1,0
1753,0.3327478,1,9,1,0,0
1754,NA,0,9,1,1,0
1755,0.3799587,1,9,1,0,0
1756,NA,0,9,1,1,0
1757,NA,0,9,1,1,0
1758,NA,0,9,1,1,0
1759,NA,0,9,1,1,0
1760,NA,0,9,1,1,0
1761,NA,0,10,1,1,0
1762,NA,0,10,1,1,0
1763,NA,0,10,1,1,0
1764,NA,0,10,1,1,0
1765,NA,0,10,1,1,0
1766,NA,0,10,1,1,0
1767,NA,0,10,1,1,0
1768,NA,0,10,1,1,0
1769,NA,0,10,1,1,0
1770,NA,0,10,1,1,0
1771,0.2935068,1,10,1,0,0
1772,0.3412416,1,10,1,0,0
1773,0.2372151,1,10,1,0,0
1774,NA,0,10,1,1,0
1775,NA,0,10,1,1,0
1776,0.1892064,1,10,1,0,0
1777,NA,0,10,1,1,0
1778,NA,0,10,1,1,0
1779,0.3060239,1,10,1,0,0
1780,NA,0,10,1,1,0
1781,0.3305712,1,10,1,1,1
1782,0.3521957,1,10,1,1,1
1783,0.2938859,1,10,1,1,1
1784,0.27988,1,10,1,1,1
1785,0.2808036,1,10,1,1,1
1786,0.334818,1,10,1,1,1
1787,0.252821,1,10,1,1,1
1788,NA,0,10,1,0,1
1789,0.3171498,1,10,1,1,1
1790,NA,0,10,1,0,1
1791,0.287646,1,10,1,1,1
1792,0.295254,1,10,1,1,1
1793,0.3027213,1,10,1,1,1
1794,0.335043,1,10,1,1,1
1795,0.2759055,1,10,1,1,1
1796,0.2468471,1,10,1,1,1
1797,0.2787953,1,10,1,1,1
1798,0.2657479,1,10,1,1,1
1799,0.25855,1,10,1,1,1
1800,0.2821005,1,10,1,1,1
1801,0.2830626,1,10,1,1,1
1802,0.2736905,1,10,1,1,1
1803,0.3608388,1,10,1,1,1
1804,0.3230776,1,10,1,1,1
1805,0.3092045,1,10,1,1,1
1806,0.2897199,1,10,1,1,1
1807,NA,0,10,1,0,1
1808,0.2724568,1,10,1,1,1
1809,0.2836324,1,10,1,1,1
1810,0.3317718,1,10,1,1,1
1811,0.3494132,1,10,1,1,1
1812,0.3672919,1,10,1,1,1
1813,0.2291398,1,10,1,1,1
1814,0.2845821,1,10,1,1,1
1815,0.2937779,1,10,1,1,1
1816,0.3777043,1,10,1,1,1
1817,0.2623395,1,10,1,1,1
1818,0.2434982,1,10,1,1,1
1819,0.3191085,1,10,1,1,1
1820,0.2607664,1,10,1,1,1
1821,0.3019964,1,10,1,1,1
1822,0.3354705,1,10,1,1,1
1823,0.2503447,1,10,1,1,1
1824,0.2854953,1,10,1,1,1
1825,0.2833436,1,10,1,1,1
1826,0.2745783,1,10,1,1,1
1827,NA,0,10,1,0,1
1828,0.3465899,1,10,1,1,1
1829,0.3152118,1,10,1,1,1
1830,0.3213404,1,10,1,1,1
1831,0.305665,1,10,1,1,1
1832,0.2443328,1,10,1,1,1
1833,0.3679137,1,10,1,1,1
1834,0.3034888,1,10,1,1,1
1835,NA,0,10,1,0,1
1836,0.2939967,1,10,1,1,1
1837,0.3535073,1,10,1,1,1
1838,0.2881364,1,10,1,1,1
1839,0.3283341,1,10,1,1,1
1840,0.2546149,1,10,1,1,1
1841,NA,0,10,1,1,0
1842,NA,0,10,1,1,0
1843,0.2412955,1,10,1,0,0
1844,NA,0,10,1,1,0
1845,0.3149624,1,10,1,0,0
1846,NA,0,10,1,1,0
1847,NA,0,10,1,1,0
1848,NA,0,10,1,1,0
1849,NA,0,10,1,1,0
1850,NA,0,10,1,1,0
1851,NA,0,10,1,1,0
1852,NA,0,10,1,1,0
1853,0.2859458,1,10,1,0,0
1854,NA,0,10,1,1,0
1855,NA,0,10,1,1,0
1856,NA,0,10,1,1,0
1857,NA,0,10,1,1,0
1858,NA,0,10,1,1,0
1859,NA,0,10,1,1,0
1860,NA,0,10,1,1,0
1861,0.3155533,1,10,1,1,1
1862,0.3124402,1,10,1,1,1
1863,0.3037338,1,10,1,1,1
1864,0.2756756,1,10,1,1,1
1865,0.3619714,1,10,1,1,1
1866,0.3657046,1,10,1,1,1
1867,0.2605233,1,10,1,1,1
1868,NA,0,10,1,0,1
1869,0.2897824,1,10,1,1,1
1870,0.3815484,1,10,1,1,1
1871,0.3231124,1,10,1,1,1
1872,0.305753,1,10,1,1,1
1873,0.3191798,1,10,1,1,1
1874,0.3096272,1,10,1,1,1
1875,0.3796621,1,10,1,1,1
1876,NA,0,10,1,0,1
1877,0.3188877,1,10,1,1,1
1878,0.3526424,1,10,1,1,1
1879,0.2941183,1,10,1,1,1
1880,0.2290357,1,10,1,1,1
1881,0.3297636,1,10,1,1,1
1882,0.3472737,1,10,1,1,1
1883,NA,0,10,1,0,1
1884,0.333454,1,10,1,1,1
1885,NA,0,10,1,0,1
1886,0.2773808,1,10,1,1,1
1887,0.376327,1,10,1,1,1
1888,0.3554948,1,10,1,1,1
1889,0.3578877,1,10,1,1,1
1890,0.3602792,1,10,1,1,1
1891,0.3811031,1,10,1,1,1
1892,0.3378865,1,10,1,1,1
1893,0.349858,1,10,1,1,1
1894,NA,0,10,1,0,1
1895,0.3533965,1,10,1,1,1
1896,0.2563448,1,10,1,1,1
1897,0.3457412,1,10,1,1,1
1898,0.2831876,1,10,1,1,1
1899,NA,0,10,1,0,1
1900,0.3484438,1,10,1,1,1
1901,0.2771331,1,10,1,1,1
1902,NA,0,10,1,0,1
1903,0.2887634,1,10,1,1,1
1904,0.2989563,1,10,1,1,1
1905,0.2265587,1,10,1,1,1
1906,0.3793661,1,10,1,1,1
1907,0.2581366,1,10,1,1,1
1908,0.3735491,1,10,1,1,1
1909,0.3745502,1,10,1,1,1
1910,0.324599,1,10,1,1,1
1911,0.2995646,1,10,1,1,1
1912,NA,0,10,1,0,1
1913,0.2875306,1,10,1,1,1
1914,0.3118913,1,10,1,1,1
1915,NA,0,10,1,0,1
1916,NA,0,10,1,0,1
1917,NA,0,10,1,0,1
1918,0.2715152,1,10,1,1,1
1919,0.3152283,1,10,1,1,1
1920,0.3067682,1,10,1,1,1
1921,0.1830177,1,11,1,0,0
1922,0.2456279,1,11,1,0,0
1923,0.27543,1,11,1,0,0
1924,NA,0,11,1,1,0
1925,NA,0,11,1,1,0
1926,NA,0,11,1,1,0
1927,NA,0,11,1,1,0
1928,0.2783298,1,11,1,0,0
1929,0.2608961,1,11,1,0,0
1930,NA,0,11,1,1,0
1931,NA,0,11,1,1,0
1932,NA,0,11,1,1,0
1933,0.2639475,1,11,1,0,0
1934,0.2392747,1,11,1,0,0
1935,0.2660405,1,11,1,0,0
1936,0.2465177,1,11,1,0,0
1937,0.2363004,1,11,1,0,0
1938,NA,0,11,1,1,0
1939,0.2577261,1,11,1,0,0
1940,0.2777958,1,11,1,0,0
1941,NA,0,11,1,0,1
1942,0.2832465,1,11,1,1,1
1943,0.3544784,1,11,1,1,1
1944,0.2802538,1,11,1,1,1
1945,0.2641319,1,11,1,1,1
1946,0.3034994,1,11,1,1,1
1947,0.3812282,1,11,1,1,1
1948,0.3078724,1,11,1,1,1
1949,0.3001909,1,11,1,1,1
1950,0.3095668,1,11,1,1,1
1951,0.2410497,1,11,1,1,1
1952,0.1897398,1,11,1,1,1
1953,0.3002572,1,11,1,1,1
1954,0.2974176,1,11,1,1,1
1955,0.3091059,1,11,1,1,1
1956,0.2217572,1,11,1,1,1
1957,NA,0,11,1,0,1
1958,0.1958735,1,11,1,1,1
1959,0.3017702,1,11,1,1,1
1960,0.3108533,1,11,1,1,1
1961,0.3342977,1,11,1,1,1
1962,0.262801,1,11,1,1,1
1963,0.2695007,1,11,1,1,1
1964,0.2790527,1,11,1,1,1
1965,0.35297,1,11,1,1,1
1966,0.3018674,1,11,1,1,1
1967,0.1439841,1,11,1,1,1
1968,NA,0,11,1,0,1
1969,0.2715068,1,11,1,1,1
1970,0.331879,1,11,1,1,1
1971,0.236158,1,11,1,1,1
1972,0.3500212,1,11,1,1,1
1973,0.2917588,1,11,1,1,1
1974,0.3772211,1,11,1,1,1
1975,0.2133724,1,11,1,1,1
1976,0.2570348,1,11,1,1,1
1977,0.3289824,1,11,1,1,1
1978,0.3430174,1,11,1,1,1
1979,0.2971217,1,11,1,1,1
1980,NA,0,11,1,0,1
1981,0.2754556,1,11,1,1,1
1982,0.3571006,1,11,1,1,1
1983,0.3622062,1,11,1,1,1
1984,NA,0,11,1,0,1
1985,NA,0,11,1,0,1
1986,0.3251721,1,11,1,1,1
1987,0.2352424,1,11,1,1,1
1988,0.2019577,1,11,1,1,1
1989,0.20459,1,11,1,1,1
1990,NA,0,11,1,0,1
1991,0.3914735,1,11,1,1,1
1992,0.3464964,1,11,1,1,1
1993,0.3551214,1,11,1,1,1
1994,0.3260714,1,11,1,1,1
1995,NA,0,11,1,0,1
1996,0.3484814,1,11,1,1,1
1997,0.2383901,1,11,1,1,1
1998,0.2779206,1,11,1,1,1
1999,NA,0,11,1,0,1
2000,0.1880254,1,11,1,1,1
2001,0.2447297,1,11,1,0,0
2002,0.1716967,1,11,1,0,0
2003,0.2592889,1,11,1,0,0
2004,NA,0,11,1,1,0
2005,0.23889,1,11,1,0,0
2006,NA,0,11,1,1,0
2007,NA,0,11,1,1,0
2008,NA,0,11,1,1,0
2009,NA,0,11,1,1,0
2010,0.2505722,1,11,1,0,0
2011,NA,0,11,1,1,0
2012,0.2967783,1,11,1,0,0
2013,NA,0,11,1,1,0
2014,0.3213043,1,11,1,0,0
2015,0.2524244,1,11,1,0,0
2016,NA,0,11,1,1,0
2017,0.2770483,1,11,1,0,0
2018,NA,0,11,1,1,0
2019,0.2516513,1,11,1,0,0
2020,0.2685177,1,11,1,0,0
2021,0.337349,1,11,1,1,1
2022,0.2573404,1,11,1,1,1
2023,0.1704447,1,11,1,1,1
2024,0.2476542,1,11,1,1,1
2025,0.1667614,1,11,1,1,1
2026,0.2912953,1,11,1,1,1
2027,0.2703281,1,11,1,1,1
2028,0.3780993,1,11,1,1,1
2029,0.2970714,1,11,1,1,1
2030,0.3594015,1,11,1,1,1
2031,0.2145767,1,11,1,1,1
2032,NA,0,11,1,0,1
2033,0.2666207,1,11,1,1,1
2034,0.3778889,1,11,1,1,1
2035,0.2980537,1,11,1,1,1
2036,0.2611354,1,11,1,1,1
2037,0.3111823,1,11,1,1,1
2038,0.3087559,1,11,1,1,1
2039,NA,0,11,1,0,1
2040,0.229188,1,11,1,1,1
2041,NA,0,11,1,0,1
2042,NA,0,11,1,0,1
2043,0.229048,1,11,1,1,1
2044,0.2949771,1,11,1,1,1
2045,0.3767022,1,11,1,1,1
2046,0.3226719,1,11,1,1,1
2047,0.2980434,1,11,1,1,1
2048,0.3242058,1,11,1,1,1
2049,0.252082,1,11,1,1,1
2050,0.2602989,1,11,1,1,1
2051,0.2076609,1,11,1,1,1
2052,0.204326,1,11,1,1,1
2053,NA,0,11,1,0,1
2054,0.3211475,1,11,1,1,1
2055,0.2778562,1,11,1,1,1
2056,0.2894002,1,11,1,1,1
2057,0.3324896,1,11,1,1,1
2058,NA,0,11,1,0,1
2059,0.3025941,1,11,1,1,1
2060,0.2759342,1,11,1,1,1
2061,0.2864388,1,11,1,1,1
2062,0.2679296,1,11,1,1,1
2063,0.3060988,1,11,1,1,1
2064,0.2994383,1,11,1,1,1
2065,NA,0,11,1,0,1
2066,0.3455873,1,11,1,1,1
2067,0.1797102,1,11,1,1,1
2068,0.3785111,1,11,1,1,1
2069,0.1728285,1,11,1,1,1
2070,0.3492299,1,11,1,1,1
2071,NA,0,11,1,0,1
2072,0.2164437,1,11,1,1,1
2073,0.3491705,1,11,1,1,1
2074,0.2955284,1,11,1,1,1
2075,0.3191785,1,11,1,1,1
2076,0.2684477,1,11,1,1,1
2077,0.2550517,1,11,1,1,1
2078,0.2313273,1,11,1,1,1
2079,0.2392407,1,11,1,1,1
2080,0.196491,1,11,1,1,1
2081,0.2936119,1,12,1,1,1
2082,0.2592545,1,12,1,1,1
2083,0.2676735,1,12,1,1,1
2084,0.2807341,1,12,1,1,1
2085,0.2563411,1,12,1,1,1
2086,0.27113,1,12,1,1,1
2087,0.2947548,1,12,1,1,1
2088,0.2668811,1,12,1,1,1
2089,0.2695758,1,12,1,1,1
2090,0.2831498,1,12,1,1,1
2091,0.3114193,1,12,1,1,1
2092,0.2991254,1,12,1,1,1
2093,0.2819525,1,12,1,1,1
2094,0.3122142,1,12,1,1,1
2095,0.3301592,1,12,1,1,1
2096,0.3004865,1,12,1,1,1
2097,NA,0,12,1,0,1
2098,0.2693876,1,12,1,1,1
2099,0.2639884,1,12,1,1,1
2100,0.3323659,1,12,1,1,1
2101,0.2392672,1,12,1,1,1
2102,0.2783278,1,12,1,1,1
2103,0.293208,1,12,1,1,1
2104,0.3013647,1,12,1,1,1
2105,NA,0,12,1,0,1
2106,0.3195894,1,12,1,1,1
2107,0.2652741,1,12,1,1,1
2108,0.2947002,1,12,1,1,1
2109,NA,0,12,1,0,1
2110,0.2464621,1,12,1,1,1
2111,0.1711822,1,12,1,1,1
2112,0.2548235,1,12,1,1,1
2113,0.2882931,1,12,1,1,1
2114,0.2321677,1,12,1,1,1
2115,0.2233289,1,12,1,1,1
2116,0.2632121,1,12,1,1,1
2117,0.2848711,1,12,1,1,1
2118,NA,0,12,1,0,1
2119,0.2476684,1,12,1,1,1
2120,0.2863081,1,12,1,1,1
2121,0.2601135,1,12,1,1,1
2122,0.282942,1,12,1,1,1
2123,0.2966844,1,12,1,1,1
2124,NA,0,12,1,0,1
2125,0.2830494,1,12,1,1,1
2126,0.2796281,1,12,1,1,1
2127,0.2899583,1,12,1,1,1
2128,0.2874994,1,12,1,1,1
2129,0.3453433,1,12,1,1,1
2130,0.2961886,1,12,1,1,1
2131,0.2915713,1,12,1,1,1
2132,0.3341713,1,12,1,1,1
2133,0.311697,1,12,1,1,1
2134,0.3378835,1,12,1,1,1
2135,0.3034991,1,12,1,1,1
2136,NA,0,12,1,0,1
2137,0.3233152,1,12,1,1,1
2138,0.3286702,1,12,1,1,1
2139,0.3125694,1,12,1,1,1
2140,0.3387348,1,12,1,1,1
2141,0.2353854,1,12,1,0,0
2142,NA,0,12,1,1,0
2143,NA,0,12,1,1,0
2144,NA,0,12,1,1,0
2145,NA,0,12,1,1,0
2146,NA,0,12,1,1,0
2147,NA,0,12,1,1,0
2148,NA,0,12,1,1,0
2149,NA,0,12,1,1,0
2150,NA,0,12,1,1,0
2151,NA,0,12,1,1,0
2152,NA,0,12,1,1,0
2153,NA,0,12,1,1,0
2154,NA,0,12,1,1,0
2155,NA,0,12,1,1,0
2156,0.2607516,1,12,1,0,0
2157,NA,0,12,1,1,0
2158,NA,0,12,1,1,0
2159,NA,0,12,1,1,0
2160,NA,0,12,1,1,0
2161,NA,0,12,1,0,1
2162,0.2789325,1,12,1,1,1
2163,0.2322232,1,12,1,1,1
2164,0.2381762,1,12,1,1,1
2165,0.2381576,1,12,1,1,1
2166,0.2504989,1,12,1,1,1
2167,0.2455874,1,12,1,1,1
2168,0.2202375,1,12,1,1,1
2169,0.2475263,1,12,1,1,1
2170,0.2754272,1,12,1,1,1
2171,0.2432839,1,12,1,1,1
2172,0.2092867,1,12,1,1,1
2173,0.2345908,1,12,1,1,1
2174,0.3351593,1,12,1,1,1
2175,0.2462032,1,12,1,1,1
2176,0.2595997,1,12,1,1,1
2177,0.3227352,1,12,1,1,1
2178,0.257869,1,12,1,1,1
2179,0.2194751,1,12,1,1,1
2180,0.2438591,1,12,1,1,1
2181,0.2726583,1,12,1,1,1
2182,0.2505216,1,12,1,1,1
2183,0.2627428,1,12,1,1,1
2184,0.2476764,1,12,1,1,1
2185,0.2679847,1,12,1,1,1
2186,0.2500477,1,12,1,1,1
2187,0.2560609,1,12,1,1,1
2188,0.2453339,1,12,1,1,1
2189,0.272803,1,12,1,1,1
2190,0.3173449,1,12,1,1,1
2191,0.267623,1,12,1,1,1
2192,0.2775764,1,12,1,1,1
2193,0.243312,1,12,1,1,1
2194,0.2365287,1,12,1,1,1
2195,0.2174164,1,12,1,1,1
2196,0.2527282,1,12,1,1,1
2197,0.2438366,1,12,1,1,1
2198,0.2475608,1,12,1,1,1
2199,0.2631629,1,12,1,1,1
2200,0.3738083,1,12,1,1,1
2201,0.3634475,1,12,1,1,1
2202,0.3774894,1,12,1,1,1
2203,0.2862454,1,12,1,1,1
2204,0.3543192,1,12,1,1,1
2205,0.2835998,1,12,1,1,1
2206,0.2526556,1,12,1,1,1
2207,0.308623,1,12,1,1,1
2208,0.374757,1,12,1,1,1
2209,0.2699003,1,12,1,1,1
2210,0.275895,1,12,1,1,1
2211,0.2649684,1,12,1,1,1
2212,0.2855902,1,12,1,1,1
2213,0.2602775,1,12,1,1,1
2214,0.2535831,1,12,1,1,1
2215,0.2589583,1,12,1,1,1
2216,0.2835896,1,12,1,1,1
2217,0.2938571,1,12,1,1,1
2218,0.3221215,1,12,1,1,1
2219,0.32707,1,12,1,1,1
2220,0.2947968,1,12,1,1,1
2221,NA,0,12,1,1,0
2222,0.2763346,1,12,1,0,0
2223,0.2447923,1,12,1,0,0
2224,NA,0,12,1,1,0
2225,NA,0,12,1,1,0
2226,NA,0,12,1,1,0
2227,NA,0,12,1,1,0
2228,NA,0,12,1,1,0
2229,NA,0,12,1,1,0
2230,NA,0,12,1,1,0
2231,NA,0,12,1,1,0
2232,NA,0,12,1,1,0
2233,NA,0,12,1,1,0
2234,NA,0,12,1,1,0
2235,NA,0,12,1,1,0
2236,NA,0,12,1,1,0
2237,NA,0,12,1,1,0
2238,0.2379334,1,12,1,0,0
2239,NA,0,12,1,1,0
2240,NA,0,12,1,1,0
2241,0.2429004,1,15,1,1,1
2242,0.2390599,1,15,1,1,1
2243,0.2821364,1,15,1,1,1
2244,0.2788462,1,15,1,1,1
2245,0.2706123,1,15,1,1,1
2246,NA,0,15,1,0,1
2247,0.2494037,1,15,1,1,1
2248,0.257978,1,15,1,1,1
2249,0.2511489,1,15,1,1,1
2250,0.2489289,1,15,1,1,1
2251,0.2283336,1,15,1,1,1
2252,0.2770796,1,15,1,1,1
2253,0.2084277,1,15,1,1,1
2254,0.2441189,1,15,1,1,1
2255,0.2105878,1,15,1,1,1
2256,0.2732675,1,15,1,1,1
2257,0.2695391,1,15,1,1,1
2258,0.2873721,1,15,1,1,1
2259,0.2724994,1,15,1,1,1
2260,0.2857619,1,15,1,1,1
2261,0.2636459,1,15,1,1,1
2262,0.3322394,1,15,1,1,1
2263,0.3502114,1,15,1,1,1
2264,0.3338942,1,15,1,1,1
2265,0.3191414,1,15,1,1,1
2266,0.3606341,1,15,1,1,1
2267,0.2899311,1,15,1,1,1
2268,0.2759016,1,15,1,1,1
2269,0.2683482,1,15,1,1,1
2270,0.2847852,1,15,1,1,1
2271,0.2863584,1,15,1,1,1
2272,0.3795405,1,15,1,1,1
2273,0.2821137,1,15,1,1,1
2274,0.2480169,1,15,1,1,1
2275,0.2668936,1,15,1,1,1
2276,0.3100081,1,15,1,1,1
2277,0.2898372,1,15,1,1,1
2278,0.2978092,1,15,1,1,1
2279,NA,0,15,1,0,1
2280,0.3002243,1,15,1,1,1
2281,0.2788636,1,15,1,1,1
2282,0.3505497,1,15,1,1,1
2283,0.31346,1,15,1,1,1
2284,0.3053326,1,15,1,1,1
2285,0.2924891,1,15,1,1,1
2286,0.359031,1,15,1,1,1
2287,0.2803013,1,15,1,1,1
2288,0.2961722,1,15,1,1,1
2289,NA,0,15,1,0,1
2290,0.2802641,1,15,1,1,1
2291,0.2966613,1,15,1,1,1
2292,0.2908995,1,15,1,1,1
2293,0.2918645,1,15,1,1,1
2294,0.2603753,1,15,1,1,1
2295,0.2959221,1,15,1,1,1
2296,0.298896,1,15,1,1,1
2297,0.2778047,1,15,1,1,1
2298,0.307569,1,15,1,1,1
2299,0.3248405,1,15,1,1,1
2300,NA,0,15,1,0,1
2301,NA,0,15,1,1,0
2302,NA,0,15,1,1,0
2303,NA,0,15,1,1,0
2304,NA,0,15,1,1,0
2305,NA,0,15,1,1,0
2306,NA,0,15,1,1,0
2307,NA,0,15,1,1,0
2308,0.366892,1,15,1,0,0
2309,NA,0,15,1,1,0
2310,NA,0,15,1,1,0
2311,NA,0,15,1,1,0
2312,NA,0,15,1,1,0
2313,NA,0,15,1,1,0
2314,NA,0,15,1,1,0
2315,NA,0,15,1,1,0
2316,NA,0,15,1,1,0
2317,NA,0,15,1,1,0
2318,NA,0,15,1,1,0
2319,NA,0,15,1,1,0
2320,NA,0,15,1,1,0
2321,0.2480716,1,15,1,1,1
2322,0.2571298,1,15,1,1,1
2323,0.2654027,1,15,1,1,1
2324,0.2766205,1,15,1,1,1
2325,0.2524486,1,15,1,1,1
2326,0.2875555,1,15,1,1,1
2327,0.2576685,1,15,1,1,1
2328,0.2657574,1,15,1,1,1
2329,0.2604825,1,15,1,1,1
2330,0.2513896,1,15,1,1,1
2331,0.2550528,1,15,1,1,1
2332,0.27414,1,15,1,1,1
2333,0.2641156,1,15,1,1,1
2334,0.2020861,1,15,1,1,1
2335,0.3227733,1,15,1,1,1
2336,0.2625844,1,15,1,1,1
2337,0.2704909,1,15,1,1,1
2338,0.2388003,1,15,1,1,1
2339,0.2997587,1,15,1,1,1
2340,0.252108,1,15,1,1,1
2341,0.2724552,1,15,1,1,1
2342,0.3704802,1,15,1,1,1
2343,0.3423541,1,15,1,1,1
2344,0.3088023,1,15,1,1,1
2345,0.2625426,1,15,1,1,1
2346,0.2708041,1,15,1,1,1
2347,0.2652481,1,15,1,1,1
2348,NA,0,15,1,0,1
2349,0.3201713,1,15,1,1,1
2350,NA,0,15,1,0,1
2351,NA,0,15,1,0,1
2352,NA,0,15,1,0,1
2353,0.2752113,1,15,1,1,1
2354,0.2725074,1,15,1,1,1
2355,NA,0,15,1,0,1
2356,0.3368515,1,15,1,1,1
2357,NA,0,15,1,0,1
2358,0.2811182,1,15,1,1,1
2359,0.3685976,1,15,1,1,1
2360,0.3107302,1,15,1,1,1
2361,0.2980653,1,15,1,1,1
2362,0.2879834,1,15,1,1,1
2363,0.288014,1,15,1,1,1
2364,0.2551319,1,15,1,1,1
2365,0.2697186,1,15,1,1,1
2366,0.2717008,1,15,1,1,1
2367,0.2751908,1,15,1,1,1
2368,0.2842983,1,15,1,1,1
2369,0.2812854,1,15,1,1,1
2370,0.2263462,1,15,1,1,1
2371,0.2091104,1,15,1,1,1
2372,0.276503,1,15,1,1,1
2373,NA,0,15,1,0,1
2374,0.256606,1,15,1,1,1
2375,0.3374011,1,15,1,1,1
2376,NA,0,15,1,0,1
2377,0.2103545,1,15,1,1,1
2378,0.3744974,1,15,1,1,1
2379,0.2407708,1,15,1,1,1
2380,NA,0,15,1,0,1
2381,NA,0,15,1,1,0
2382,0.2473854,1,15,1,0,0
2383,NA,0,15,1,1,0
2384,NA,0,15,1,1,0
2385,NA,0,15,1,1,0
2386,0.3045422,1,15,1,0,0
2387,NA,0,15,1,1,0
2388,NA,0,15,1,1,0
2389,NA,0,15,1,1,0
2390,NA,0,15,1,1,0
2391,NA,0,15,1,1,0
2392,NA,0,15,1,1,0
2393,NA,0,15,1,1,0
2394,NA,0,15,1,1,0
2395,NA,0,15,1,1,0
2396,NA,0,15,1,1,0
2397,0.3038315,1,15,1,0,0
2398,NA,0,15,1,1,0
2399,NA,0,15,1,1,0
2400,NA,0,15,1,1,0
2401,NA,0,16,1,1,0
2402,NA,0,16,1,1,0
2403,NA,0,16,1,1,0
2404,NA,0,16,1,1,0
2405,NA,0,16,1,1,0
2406,0.2409797,1,16,1,0,0
2407,NA,0,16,1,1,0
2408,0.2333512,1,16,1,0,0
2409,0.1655032,1,16,1,0,0
2410,0.2219547,1,16,1,0,0
2411,0.2277006,1,16,1,0,0
2412,NA,0,16,1,1,0
2413,0.1773082,1,16,1,0,0
2414,0.2071423,1,16,1,0,0
2415,NA,0,16,1,1,0
2416,NA,0,16,1,1,0
2417,0.2314482,1,16,1,0,0
2418,NA,0,16,1,1,0
2419,0.2462595,1,16,1,0,0
2420,NA,0,16,1,1,0
2421,0.3404768,1,16,1,1,1
2422,0.310623,1,16,1,1,1
2423,0.2909935,1,16,1,1,1
2424,0.2385678,1,16,1,1,1
2425,0.321656,1,16,1,1,1
2426,0.2469923,1,16,1,1,1
2427,0.2519306,1,16,1,1,1
2428,0.245784,1,16,1,1,1
2429,0.2569368,1,16,1,1,1
2430,0.3147997,1,16,1,1,1
2431,0.3393026,1,16,1,1,1
2432,0.3310922,1,16,1,1,1
2433,0.3164233,1,16,1,1,1
2434,0.2923272,1,16,1,1,1
2435,0.2458427,1,16,1,1,1
2436,0.2860293,1,16,1,1,1
2437,0.2436549,1,16,1,1,1
2438,0.2359512,1,16,1,1,1
2439,0.2856961,1,16,1,1,1
2440,0.2619641,1,16,1,1,1
2441,0.3101592,1,16,1,1,1
2442,0.3137231,1,16,1,1,1
2443,NA,0,16,1,0,1
2444,0.2517745,1,16,1,1,1
2445,0.2435785,1,16,1,1,1
2446,0.3226344,1,16,1,1,1
2447,0.2784872,1,16,1,1,1
2448,0.276433,1,16,1,1,1
2449,0.3186707,1,16,1,1,1
2450,0.2785544,1,16,1,1,1
2451,0.2706928,1,16,1,1,1
2452,0.2881287,1,16,1,1,1
2453,0.3287563,1,16,1,1,1
2454,0.3294211,1,16,1,1,1
2455,NA,0,16,1,0,1
2456,0.2643153,1,16,1,1,1
2457,0.2549473,1,16,1,1,1
2458,0.2704756,1,16,1,1,1
2459,0.279224,1,16,1,1,1
2460,0.2505164,1,16,1,1,1
2461,0.2677962,1,16,1,1,1
2462,0.2411841,1,16,1,1,1
2463,0.2498987,1,16,1,1,1
2464,0.2588834,1,16,1,1,1
2465,0.2499728,1,16,1,1,1
2466,0.258471,1,16,1,1,1
2467,0.2631813,1,16,1,1,1
2468,0.2780258,1,16,1,1,1
2469,0.2814153,1,16,1,1,1
2470,0.2941778,1,16,1,1,1
2471,0.2614491,1,16,1,1,1
2472,0.3030676,1,16,1,1,1
2473,0.3113743,1,16,1,1,1
2474,0.3226688,1,16,1,1,1
2475,0.3761928,1,16,1,1,1
2476,0.2656397,1,16,1,1,1
2477,0.2631347,1,16,1,1,1
2478,0.2875074,1,16,1,1,1
2479,0.2587318,1,16,1,1,1
2480,0.3612428,1,16,1,1,1
2481,0.2692867,1,16,1,0,0
2482,0.2697311,1,16,1,0,0
2483,NA,0,16,1,1,0
2484,NA,0,16,1,1,0
2485,0.2514547,1,16,1,0,0
2486,NA,0,16,1,1,0
2487,0.2388457,1,16,1,0,0
2488,NA,0,16,1,1,0
2489,NA,0,16,1,1,0
2490,NA,0,16,1,1,0
2491,NA,0,16,1,1,0
2492,0.2769029,1,16,1,0,0
2493,NA,0,16,1,1,0
2494,0.253976,1,16,1,0,0
2495,NA,0,16,1,1,0
2496,0.2426334,1,16,1,0,0
2497,NA,0,16,1,1,0
2498,0.1917467,1,16,1,0,0
2499,0.2715628,1,16,1,0,0
2500,NA,0,16,1,1,0
2501,NA,0,16,1,0,1
2502,0.2378601,1,16,1,1,1
2503,0.2218958,1,16,1,1,1
2504,0.3162586,1,16,1,1,1
2505,0.2537808,1,16,1,1,1
2506,0.3024545,1,16,1,1,1
2507,0.2639904,1,16,1,1,1
2508,0.3774819,1,16,1,1,1
2509,0.2806518,1,16,1,1,1
2510,0.3627124,1,16,1,1,1
2511,0.2959887,1,16,1,1,1
2512,0.2373678,1,16,1,1,1
2513,NA,0,16,1,0,1
2514,0.2613352,1,16,1,1,1
2515,0.2900977,1,16,1,1,1
2516,0.3668478,1,16,1,1,1
2517,0.245074,1,16,1,1,1
2518,0.2985524,1,16,1,1,1
2519,0.2636023,1,16,1,1,1
2520,0.3551009,1,16,1,1,1
2521,NA,0,16,1,0,1
2522,0.37857,1,16,1,1,1
2523,0.2472569,1,16,1,1,1
2524,0.2168731,1,16,1,1,1
2525,0.3746907,1,16,1,1,1
2526,0.2300784,1,16,1,1,1
2527,0.2446111,1,16,1,1,1
2528,0.2068473,1,16,1,1,1
2529,0.2073486,1,16,1,1,1
2530,0.2877021,1,16,1,1,1
2531,0.2318481,1,16,1,1,1
2532,0.3329928,1,16,1,1,1
2533,0.3106633,1,16,1,1,1
2534,0.364589,1,16,1,1,1
2535,0.2695175,1,16,1,1,1
2536,0.2944806,1,16,1,1,1
2537,0.2300361,1,16,1,1,1
2538,0.2343348,1,16,1,1,1
2539,0.2726987,1,16,1,1,1
2540,0.2517945,1,16,1,1,1
2541,0.2952374,1,16,1,1,1
2542,0.2708807,1,16,1,1,1
2543,NA,0,16,1,0,1
2544,0.2481708,1,16,1,1,1
2545,0.350573,1,16,1,1,1
2546,0.21707,1,16,1,1,1
2547,0.3412097,1,16,1,1,1
2548,NA,0,16,1,0,1
2549,0.3418302,1,16,1,1,1
2550,0.2784387,1,16,1,1,1
2551,0.2548046,1,16,1,1,1
2552,0.3762837,1,16,1,1,1
2553,0.3608409,1,16,1,1,1
2554,NA,0,16,1,0,1
2555,0.2214497,1,16,1,1,1
2556,0.3194379,1,16,1,1,1
2557,0.3387272,1,16,1,1,1
2558,0.2752044,1,16,1,1,1
2559,0.2265999,1,16,1,1,1
2560,0.2179151,1,16,1,1,1
2561,0.294239,1,17,1,1,1
2562,0.2725545,1,17,1,1,1
2563,0.2210823,1,17,1,1,1
2564,0.2204104,1,17,1,1,1
2565,NA,0,17,1,0,1
2566,0.2483061,1,17,1,1,1
2567,0.3300063,1,17,1,1,1
2568,0.2977669,1,17,1,1,1
2569,0.3663582,1,17,1,1,1
2570,0.3517117,1,17,1,1,1
2571,0.2879605,1,17,1,1,1
2572,0.2476636,1,17,1,1,1
2573,0.3830027,1,17,1,1,1
2574,NA,0,17,1,0,1
2575,NA,0,17,1,0,1
2576,0.3246064,1,17,1,1,1
2577,0.3260851,1,17,1,1,1
2578,NA,0,17,1,0,1
2579,0.3342217,1,17,1,1,1
2580,0.3114431,1,17,1,1,1
2581,NA,0,17,1,0,1
2582,0.3217568,1,17,1,1,1
2583,0.2594529,1,17,1,1,1
2584,0.2768197,1,17,1,1,1
2585,0.2666568,1,17,1,1,1
2586,NA,0,17,1,0,1
2587,0.3400931,1,17,1,1,1
2588,0.3066529,1,17,1,1,1
2589,0.2927578,1,17,1,1,1
2590,0.2802984,1,17,1,1,1
2591,NA,0,17,1,0,1
2592,0.2617104,1,17,1,1,1
2593,0.2533788,1,17,1,1,1
2594,0.264799,1,17,1,1,1
2595,0.3564008,1,17,1,1,1
2596,0.2812747,1,17,1,1,1
2597,0.2929971,1,17,1,1,1
2598,0.3018268,1,17,1,1,1
2599,0.3132031,1,17,1,1,1
2600,NA,0,17,1,0,1
2601,0.3700403,1,17,1,1,1
2602,0.3801999,1,17,1,1,1
2603,NA,0,17,1,0,1
2604,0.29019,1,17,1,1,1
2605,0.2929026,1,17,1,1,1
2606,NA,0,17,1,0,1
2607,0.3009927,1,17,1,1,1
2608,0.2951735,1,17,1,1,1
2609,0.3465811,1,17,1,1,1
2610,0.3046064,1,17,1,1,1
2611,0.2526618,1,17,1,1,1
2612,NA,0,17,1,0,1
2613,0.2512344,1,17,1,1,1
2614,0.3079249,1,17,1,1,1
2615,0.2808018,1,17,1,1,1
2616,0.2628113,1,17,1,1,1
2617,NA,0,17,1,0,1
2618,0.2642214,1,17,1,1,1
2619,0.3124937,1,17,1,1,1
2620,0.227554,1,17,1,1,1
2621,NA,0,17,1,1,0
2622,NA,0,17,1,1,0
2623,NA,0,17,1,1,0
2624,NA,0,17,1,1,0
2625,NA,0,17,1,1,0
2626,NA,0,17,1,1,0
2627,NA,0,17,1,1,0
2628,NA,0,17,1,1,0
2629,NA,0,17,1,1,0
2630,NA,0,17,1,1,0
2631,0.2237481,1,17,1,0,0
2632,NA,0,17,1,1,0
2633,NA,0,17,1,1,0
2634,0.2778212,1,17,1,0,0
2635,NA,0,17,1,1,0
2636,NA,0,17,1,1,0
2637,NA,0,17,1,1,0
2638,NA,0,17,1,1,0
2639,0.1963302,1,17,1,0,0
2640,NA,0,17,1,1,0
2641,0.2917584,1,17,1,1,1
2642,0.2393867,1,17,1,1,1
2643,0.2371327,1,17,1,1,1
2644,0.2774487,1,17,1,1,1
2645,0.278661,1,17,1,1,1
2646,NA,0,17,1,0,1
2647,0.2592448,1,17,1,1,1
2648,0.2359451,1,17,1,1,1
2649,0.2831986,1,17,1,1,1
2650,0.3060601,1,17,1,1,1
2651,0.2987668,1,17,1,1,1
2652,0.2644959,1,17,1,1,1
2653,0.3133851,1,17,1,1,1
2654,0.2524103,1,17,1,1,1
2655,0.3220166,1,17,1,1,1
2656,0.3316874,1,17,1,1,1
2657,0.3214459,1,17,1,1,1
2658,0.3386883,1,17,1,1,1
2659,0.382876,1,17,1,1,1
2660,0.2805062,1,17,1,1,1
2661,0.2710727,1,17,1,1,1
2662,0.2640209,1,17,1,1,1
2663,0.3458708,1,17,1,1,1
2664,0.3251677,1,17,1,1,1
2665,0.2789507,1,17,1,1,1
2666,0.3515705,1,17,1,1,1
2667,NA,0,17,1,0,1
2668,0.3261169,1,17,1,1,1
2669,0.3560594,1,17,1,1,1
2670,0.2916306,1,17,1,1,1
2671,0.2866677,1,17,1,1,1
2672,0.2974513,1,17,1,1,1
2673,0.2823038,1,17,1,1,1
2674,0.2828496,1,17,1,1,1
2675,0.2440598,1,17,1,1,1
2676,0.3284603,1,17,1,1,1
2677,0.3817671,1,17,1,1,1
2678,0.3375248,1,17,1,1,1
2679,0.3307489,1,17,1,1,1
2680,0.3219956,1,17,1,1,1
2681,NA,0,17,1,0,1
2682,NA,0,17,1,0,1
2683,0.3138556,1,17,1,1,1
2684,0.2894951,1,17,1,1,1
2685,0.3207647,1,17,1,1,1
2686,0.2663615,1,17,1,1,1
2687,0.2808902,1,17,1,1,1
2688,0.247113,1,17,1,1,1
2689,0.3036082,1,17,1,1,1
2690,0.2623879,1,17,1,1,1
2691,NA,0,17,1,0,1
2692,0.3688198,1,17,1,1,1
2693,0.2087873,1,17,1,1,1
2694,0.2961541,1,17,1,1,1
2695,0.2920501,1,17,1,1,1
2696,0.2595845,1,17,1,1,1
2697,0.2613578,1,17,1,1,1
2698,0.2027287,1,17,1,1,1
2699,NA,0,17,1,0,1
2700,0.2801871,1,17,1,1,1
2701,NA,0,17,1,1,0
2702,0.3657051,1,17,1,0,0
2703,NA,0,17,1,1,0
2704,0.2676002,1,17,1,0,0
2705,NA,0,17,1,1,0
2706,NA,0,17,1,1,0
2707,NA,0,17,1,1,0
2708,0.2642862,1,17,1,0,0
2709,NA,0,17,1,1,0
2710,NA,0,17,1,1,0
2711,NA,0,17,1,1,0
2712,NA,0,17,1,1,0
2713,NA,0,17,1,1,0
2714,0.2014785,1,17,1,0,0
2715,0.2258479,1,17,1,0,0
2716,NA,0,17,1,1,0
2717,NA,0,17,1,1,0
2718,NA,0,17,1,1,0
2719,NA,0,17,1,1,0
2720,NA,0,17,1,1,0
2721,NA,0,18,1,1,0
2722,NA,0,18,1,1,0
2723,NA,0,18,1,1,0
2724,0.2306447,1,18,1,0,0
2725,0.2729721,1,18,1,0,0
2726,0.2013851,1,18,1,0,0
2727,NA,0,18,1,1,0
2728,NA,0,18,1,1,0
2729,NA,0,18,1,1,0
2730,0.1736186,1,18,1,0,0
2731,0.2021226,1,18,1,0,0
2732,0.1981629,1,18,1,0,0
2733,0.2107782,1,18,1,0,0
2734,0.2275103,1,18,1,0,0
2735,NA,0,18,1,1,0
2736,NA,0,18,1,1,0
2737,NA,0,18,1,1,0
2738,NA,0,18,1,1,0
2739,NA,0,18,1,1,0
2740,NA,0,18,1,1,0
2741,0.3286709,1,18,1,1,1
2742,0.2577903,1,18,1,1,1
2743,0.2413412,1,18,1,1,1
2744,0.3200818,1,18,1,1,1
2745,0.2676516,1,18,1,1,1
2746,0.2584312,1,18,1,1,1
2747,0.2566164,1,18,1,1,1
2748,0.2326435,1,18,1,1,1
2749,0.3632033,1,18,1,1,1
2750,NA,0,18,1,0,1
2751,0.2302059,1,18,1,1,1
2752,0.2534097,1,18,1,1,1
2753,0.2823228,1,18,1,1,1
2754,0.2920742,1,18,1,1,1
2755,0.2253481,1,18,1,1,1
2756,0.351821,1,18,1,1,1
2757,0.2921508,1,18,1,1,1
2758,NA,0,18,1,0,1
2759,0.3295223,1,18,1,1,1
2760,0.2004924,1,18,1,1,1
2761,0.2221348,1,18,1,1,1
2762,0.2438095,1,18,1,1,1
2763,0.3109339,1,18,1,1,1
2764,0.2651719,1,18,1,1,1
2765,0.2926371,1,18,1,1,1
2766,0.2249336,1,18,1,1,1
2767,0.2839486,1,18,1,1,1
2768,0.3154804,1,18,1,1,1
2769,0.2560858,1,18,1,1,1
2770,0.2640619,1,18,1,1,1
2771,0.3481303,1,18,1,1,1
2772,0.2917912,1,18,1,1,1
2773,0.3212066,1,18,1,1,1
2774,0.2806646,1,18,1,1,1
2775,0.1235486,1,18,1,1,1
2776,0.1602608,1,18,1,1,1
2777,0.2138145,1,18,1,1,1
2778,0.2760006,1,18,1,1,1
2779,0.2433867,1,18,1,1,1
2780,0.2268783,1,18,1,1,1
2781,0.3280913,1,18,1,1,1
2782,0.2699582,1,18,1,1,1
2783,0.274992,1,18,1,1,1
2784,0.3055347,1,18,1,1,1
2785,0.3070348,1,18,1,1,1
2786,0.3022195,1,18,1,1,1
2787,0.2799122,1,18,1,1,1
2788,0.306231,1,18,1,1,1
2789,0.2682484,1,18,1,1,1
2790,0.287399,1,18,1,1,1
2791,0.2399384,1,18,1,1,1
2792,0.27601,1,18,1,1,1
2793,NA,0,18,1,0,1
2794,0.3815271,1,18,1,1,1
2795,0.3271232,1,18,1,1,1
2796,0.3282572,1,18,1,1,1
2797,0.2646938,1,18,1,1,1
2798,NA,0,18,1,0,1
2799,NA,0,18,1,0,1
2800,0.3722243,1,18,1,1,1
2801,NA,0,18,1,1,0
2802,NA,0,18,1,1,0
2803,0.2307841,1,18,1,0,0
2804,0.2976713,1,18,1,0,0
2805,NA,0,18,1,1,0
2806,NA,0,18,1,1,0
2807,NA,0,18,1,1,0
2808,NA,0,18,1,1,0
2809,NA,0,18,1,1,0
2810,0.2083547,1,18,1,0,0
2811,NA,0,18,1,1,0
2812,0.2198333,1,18,1,0,0
2813,0.1864028,1,18,1,0,0
2814,NA,0,18,1,1,0
2815,0.2062303,1,18,1,0,0
2816,NA,0,18,1,1,0
2817,0.2203702,1,18,1,0,0
2818,NA,0,18,1,1,0
2819,NA,0,18,1,1,0
2820,0.2616468,1,18,1,0,0
2821,0.3321371,1,18,1,1,1
2822,0.1118587,1,18,1,1,1
2823,0.1872791,1,18,1,1,1
2824,0.2092754,1,18,1,1,1
2825,0.2403307,1,18,1,1,1
2826,0.2215775,1,18,1,1,1
2827,0.2974921,1,18,1,1,1
2828,0.3472504,1,18,1,1,1
2829,0.232415,1,18,1,1,1
2830,0.2618323,1,18,1,1,1
2831,0.2372546,1,18,1,1,1
2832,0.1951952,1,18,1,1,1
2833,0.2501346,1,18,1,1,1
2834,0.2824968,1,18,1,1,1
2835,0.2156185,1,18,1,1,1
2836,0.310553,1,18,1,1,1
2837,0.3496767,1,18,1,1,1
2838,0.2611281,1,18,1,1,1
2839,0.262456,1,18,1,1,1
2840,0.3004467,1,18,1,1,1
2841,0.2212343,1,18,1,1,1
2842,0.3661098,1,18,1,1,1
2843,0.2697274,1,18,1,1,1
2844,0.303578,1,18,1,1,1
2845,0.2481799,1,18,1,1,1
2846,0.3018606,1,18,1,1,1
2847,0.2779566,1,18,1,1,1
2848,0.2318796,1,18,1,1,1
2849,0.283061,1,18,1,1,1
2850,0.3236849,1,18,1,1,1
2851,0.2285742,1,18,1,1,1
2852,0.2256401,1,18,1,1,1
2853,0.2734028,1,18,1,1,1
2854,0.2314862,1,18,1,1,1
2855,0.2772494,1,18,1,1,1
2856,0.2475721,1,18,1,1,1
2857,0.2417292,1,18,1,1,1
2858,0.302402,1,18,1,1,1
2859,0.2369353,1,18,1,1,1
2860,0.2637179,1,18,1,1,1
2861,0.238772,1,18,1,1,1
2862,NA,0,18,1,0,1
2863,0.2627336,1,18,1,1,1
2864,0.2721732,1,18,1,1,1
2865,0.3689813,1,18,1,1,1
2866,0.2729774,1,18,1,1,1
2867,0.2371836,1,18,1,1,1
2868,0.2151864,1,18,1,1,1
2869,NA,0,18,1,0,1
2870,0.2736812,1,18,1,1,1
2871,0.3145788,1,18,1,1,1
2872,0.3259409,1,18,1,1,1
2873,0.3543324,1,18,1,1,1
2874,0.2331096,1,18,1,1,1
2875,0.283319,1,18,1,1,1
2876,0.2949707,1,18,1,1,1
2877,0.2482247,1,18,1,1,1
2878,0.2973317,1,18,1,1,1
2879,0.2783718,1,18,1,1,1
2880,0.2003223,1,18,1,1,1
2881,0.2745889,1,20,1,0,0
2882,NA,0,20,1,1,0
2883,NA,0,20,1,1,0
2884,NA,0,20,1,1,0
2885,NA,0,20,1,1,0
2886,NA,0,20,1,1,0
2887,NA,0,20,1,1,0
2888,NA,0,20,1,1,0
2889,NA,0,20,1,1,0
2890,NA,0,20,1,1,0
2891,NA,0,20,1,1,0
2892,NA,0,20,1,1,0
2893,NA,0,20,1,1,0
2894,NA,0,20,1,1,0
2895,NA,0,20,1,1,0
2896,NA,0,20,1,1,0
2897,NA,0,20,1,1,0
2898,NA,0,20,1,1,0
2899,NA,0,20,1,1,0
2900,NA,0,20,1,1,0
2901,0.259519,1,20,1,1,1
2902,0.2515571,1,20,1,1,1
2903,0.261387,1,20,1,1,1
2904,0.2542088,1,20,1,1,1
2905,0.295774,1,20,1,1,1
2906,0.2912268,1,20,1,1,1
2907,0.2991679,1,20,1,1,1
2908,0.2967243,1,20,1,1,1
2909,0.2451917,1,20,1,1,1
2910,0.2991804,1,20,1,1,1
2911,0.2782706,1,20,1,1,1
2912,0.2734116,1,20,1,1,1
2913,0.3185693,1,20,1,1,1
2914,0.2790303,1,20,1,1,1
2915,0.2793706,1,20,1,1,1
2916,0.2826257,1,20,1,1,1
2917,0.2682569,1,20,1,1,1
2918,0.2908606,1,20,1,1,1
2919,0.2729271,1,20,1,1,1
2920,0.3130244,1,20,1,1,1
2921,NA,0,20,1,0,1
2922,0.2555391,1,20,1,1,1
2923,0.2308498,1,20,1,1,1
2924,0.2505663,1,20,1,1,1
2925,NA,0,20,1,0,1
2926,0.2878429,1,20,1,1,1
2927,0.2661306,1,20,1,1,1
2928,0.299844,1,20,1,1,1
2929,0.280299,1,20,1,1,1
2930,0.2907612,1,20,1,1,1
2931,0.2835064,1,20,1,1,1
2932,0.280795,1,20,1,1,1
2933,0.2551643,1,20,1,1,1
2934,0.2569938,1,20,1,1,1
2935,0.3405956,1,20,1,1,1
2936,0.2787787,1,20,1,1,1
2937,0.2708195,1,20,1,1,1
2938,0.3040239,1,20,1,1,1
2939,0.2663182,1,20,1,1,1
2940,0.2602874,1,20,1,1,1
2941,0.3450997,1,20,1,1,1
2942,0.3258677,1,20,1,1,1
2943,0.34074,1,20,1,1,1
2944,0.2975394,1,20,1,1,1
2945,0.3005593,1,20,1,1,1
2946,0.3249611,1,20,1,1,1
2947,0.2805068,1,20,1,1,1
2948,0.2953316,1,20,1,1,1
2949,0.3427303,1,20,1,1,1
2950,0.2642366,1,20,1,1,1
2951,0.3005432,1,20,1,1,1
2952,0.2767037,1,20,1,1,1
2953,0.3156982,1,20,1,1,1
2954,0.2876566,1,20,1,1,1
2955,0.2636799,1,20,1,1,1
2956,0.297036,1,20,1,1,1
2957,0.3190645,1,20,1,1,1
2958,0.2747042,1,20,1,1,1
2959,0.3052297,1,20,1,1,1
2960,0.3318129,1,20,1,1,1
2961,NA,0,20,1,1,0
2962,NA,0,20,1,1,0
2963,NA,0,20,1,1,0
2964,NA,0,20,1,1,0
2965,NA,0,20,1,1,0
2966,NA,0,20,1,1,0
2967,NA,0,20,1,1,0
2968,NA,0,20,1,1,0
2969,NA,0,20,1,1,0
2970,NA,0,20,1,1,0
2971,NA,0,20,1,1,0
2972,NA,0,20,1,1,0
2973,NA,0,20,1,1,0
2974,NA,0,20,1,1,0
2975,NA,0,20,1,1,0
2976,NA,0,20,1,1,0
2977,NA,0,20,1,1,0
2978,NA,0,20,1,1,0
2979,NA,0,20,1,1,0
2980,NA,0,20,1,1,0
2981,0.2862761,1,20,1,1,1
2982,0.3098896,1,20,1,1,1
2983,0.2708834,1,20,1,1,1
2984,0.2975473,1,20,1,1,1
2985,0.2638376,1,20,1,1,1
2986,0.2851695,1,20,1,1,1
2987,0.2676778,1,20,1,1,1
2988,0.3085528,1,20,1,1,1
2989,0.3376729,1,20,1,1,1
2990,0.2747481,1,20,1,1,1
2991,0.2773808,1,20,1,1,1
2992,0.3307015,1,20,1,1,1
2993,0.3243647,1,20,1,1,1
2994,0.3090329,1,20,1,1,1
2995,0.3185823,1,20,1,1,1
2996,0.2921427,1,20,1,1,1
2997,0.3660943,1,20,1,1,1
2998,0.3085009,1,20,1,1,1
2999,0.2829584,1,20,1,1,1
3000,0.2709829,1,20,1,1,1
3001,0.2761955,1,20,1,1,1
3002,0.3160293,1,20,1,1,1
3003,0.3074483,1,20,1,1,1
3004,0.2762948,1,20,1,1,1
3005,0.3297207,1,20,1,1,1
3006,0.3364754,1,20,1,1,1
3007,0.3128716,1,20,1,1,1
3008,NA,0,20,1,0,1
3009,0.2704316,1,20,1,1,1
3010,0.3194118,1,20,1,1,1
3011,0.3097834,1,20,1,1,1
3012,0.2635636,1,20,1,1,1
3013,0.2558367,1,20,1,1,1
3014,0.2916349,1,20,1,1,1
3015,0.2932494,1,20,1,1,1
3016,0.2847112,1,20,1,1,1
3017,0.3702816,1,20,1,1,1
3018,0.3272314,1,20,1,1,1
3019,0.2858702,1,20,1,1,1
3020,0.3001371,1,20,1,1,1
3021,0.2651006,1,20,1,1,1
3022,0.2682238,1,20,1,1,1
3023,0.2991507,1,20,1,1,1
3024,0.2887664,1,20,1,1,1
3025,0.2926827,1,20,1,1,1
3026,0.3116983,1,20,1,1,1
3027,0.3095309,1,20,1,1,1
3028,0.2899037,1,20,1,1,1
3029,0.2952514,1,20,1,1,1
3030,0.2679948,1,20,1,1,1
3031,0.2628928,1,20,1,1,1
3032,0.2904174,1,20,1,1,1
3033,0.343224,1,20,1,1,1
3034,0.2881054,1,20,1,1,1
3035,0.3285015,1,20,1,1,1
3036,0.3072201,1,20,1,1,1
3037,0.3288166,1,20,1,1,1
3038,0.3364032,1,20,1,1,1
3039,0.3320462,1,20,1,1,1
3040,0.2798444,1,20,1,1,1
3041,NA,0,21,1,1,0
3042,0.2496774,1,21,1,0,0
3043,NA,0,21,1,1,0
3044,NA,0,21,1,1,0
3045,NA,0,21,1,1,0
3046,0.2257535,1,21,1,0,0
3047,0.2382111,1,21,1,0,0
3048,NA,0,21,1,1,0
3049,0.2289395,1,21,1,0,0
3050,0.2369692,1,21,1,0,0
3051,NA,0,21,1,1,0
3052,NA,0,21,1,1,0
3053,0.2727323,1,21,1,0,0
3054,NA,0,21,1,1,0
3055,NA,0,21,1,1,0
3056,NA,0,21,1,1,0
3057,NA,0,21,1,1,0
3058,0.2163453,1,21,1,0,0
3059,NA,0,21,1,1,0
3060,0.222423,1,21,1,0,0
3061,0.2650169,1,21,1,1,1
3062,0.2793111,1,21,1,1,1
3063,0.2489262,1,21,1,1,1
3064,0.2927483,1,21,1,1,1
3065,0.3167814,1,21,1,1,1
3066,0.2656403,1,21,1,1,1
3067,0.2686832,1,21,1,1,1
3068,0.2322986,1,21,1,1,1
3069,0.2919053,1,21,1,1,1
3070,0.2820243,1,21,1,1,1
3071,0.2448568,1,21,1,1,1
3072,0.284626,1,21,1,1,1
3073,0.2282388,1,21,1,1,1
3074,0.2438015,1,21,1,1,1
3075,0.3427812,1,21,1,1,1
3076,0.252741,1,21,1,1,1
3077,0.3291377,1,21,1,1,1
3078,0.2285269,1,21,1,1,1
3079,0.2185098,1,21,1,1,1
3080,0.2637692,1,21,1,1,1
3081,0.2394378,1,21,1,1,1
3082,0.2306902,1,21,1,1,1
3083,0.2608522,1,21,1,1,1
3084,0.2425258,1,21,1,1,1
3085,0.3305591,1,21,1,1,1
3086,0.2836016,1,21,1,1,1
3087,0.2269201,1,21,1,1,1
3088,NA,0,21,1,0,1
3089,0.258628,1,21,1,1,1
3090,NA,0,21,1,0,1
3091,0.2030515,1,21,1,1,1
3092,0.2628401,1,21,1,1,1
3093,0.2729159,1,21,1,1,1
3094,0.2720207,1,21,1,1,1
3095,0.2554456,1,21,1,1,1
3096,0.2929571,1,21,1,1,1
3097,0.3041701,1,21,1,1,1
3098,0.3023421,1,21,1,1,1
3099,0.3317229,1,21,1,1,1
3100,0.320878,1,21,1,1,1
3101,0.2847136,1,21,1,1,1
3102,0.3160643,1,21,1,1,1
3103,0.3108991,1,21,1,1,1
3104,0.3626938,1,21,1,1,1
3105,0.2873068,1,21,1,1,1
3106,0.2654212,1,21,1,1,1
3107,0.2719374,1,21,1,1,1
3108,0.349412,1,21,1,1,1
3109,0.246685,1,21,1,1,1
3110,0.2955077,1,21,1,1,1
3111,0.2905178,1,21,1,1,1
3112,0.2658766,1,21,1,1,1
3113,0.2621035,1,21,1,1,1
3114,0.2867524,1,21,1,1,1
3115,NA,0,21,1,0,1
3116,0.3050632,1,21,1,1,1
3117,0.2836617,1,21,1,1,1
3118,NA,0,21,1,0,1
3119,0.2903706,1,21,1,1,1
3120,NA,0,21,1,0,1
3121,NA,0,21,1,1,0
3122,0.1985819,1,21,1,0,0
3123,NA,0,21,1,1,0
3124,NA,0,21,1,1,0
3125,NA,0,21,1,1,0
3126,0.2559226,1,21,1,0,0
3127,0.2385275,1,21,1,0,0
3128,0.2077591,1,21,1,0,0
3129,NA,0,21,1,1,0
3130,NA,0,21,1,1,0
3131,0.1913535,1,21,1,0,0
3132,NA,0,21,1,1,0
3133,0.2716125,1,21,1,0,0
3134,NA,0,21,1,1,0
3135,NA,0,21,1,1,0
3136,0.3260026,1,21,1,0,0
3137,NA,0,21,1,1,0
3138,0.276574,1,21,1,0,0
3139,NA,0,21,1,1,0
3140,NA,0,21,1,1,0
3141,0.2478067,1,21,1,1,1
3142,0.264482,1,21,1,1,1
3143,0.2394231,1,21,1,1,1
3144,0.2291469,1,21,1,1,1
3145,0.2560209,1,21,1,1,1
3146,0.2356956,1,21,1,1,1
3147,0.3465955,1,21,1,1,1
3148,0.2272457,1,21,1,1,1
3149,0.2401092,1,21,1,1,1
3150,0.2596397,1,21,1,1,1
3151,0.2022527,1,21,1,1,1
3152,0.2752666,1,21,1,1,1
3153,0.2110922,1,21,1,1,1
3154,0.2334415,1,21,1,1,1
3155,0.2199631,1,21,1,1,1
3156,0.2423727,1,21,1,1,1
3157,0.2778371,1,21,1,1,1
3158,0.2629956,1,21,1,1,1
3159,0.2493027,1,21,1,1,1
3160,0.2513449,1,21,1,1,1
3161,0.3323032,1,21,1,1,1
3162,0.2529531,1,21,1,1,1
3163,0.2579866,1,21,1,1,1
3164,0.2442875,1,21,1,1,1
3165,0.2309167,1,21,1,1,1
3166,0.268125,1,21,1,1,1
3167,0.2095924,1,21,1,1,1
3168,0.2517785,1,21,1,1,1
3169,0.2517645,1,21,1,1,1
3170,0.2920299,1,21,1,1,1
3171,0.2799748,1,21,1,1,1
3172,0.2497506,1,21,1,1,1
3173,0.3456216,1,21,1,1,1
3174,0.2627307,1,21,1,1,1
3175,0.3027434,1,21,1,1,1
3176,0.2702359,1,21,1,1,1
3177,0.2413188,1,21,1,1,1
3178,0.2574478,1,21,1,1,1
3179,0.2190566,1,21,1,1,1
3180,0.2553939,1,21,1,1,1
3181,0.2499087,1,21,1,1,1
3182,0.3284156,1,21,1,1,1
3183,0.3180426,1,21,1,1,1
3184,0.2835997,1,21,1,1,1
3185,0.2704168,1,21,1,1,1
3186,0.2484526,1,21,1,1,1
3187,0.2638609,1,21,1,1,1
3188,0.3352801,1,21,1,1,1
3189,0.2479343,1,21,1,1,1
3190,0.262429,1,21,1,1,1
3191,0.297868,1,21,1,1,1
3192,0.2740094,1,21,1,1,1
3193,0.2759631,1,21,1,1,1
3194,0.3261758,1,21,1,1,1
3195,0.255661,1,21,1,1,1
3196,0.2944831,1,21,1,1,1
3197,0.3512469,1,21,1,1,1
3198,0.2442148,1,21,1,1,1
3199,0.2907007,1,21,1,1,1
3200,0.3622803,1,21,1,1,1
3201,NA,0,22,1,1,0
3202,0.2185051,1,22,1,0,0
3203,0.2241218,1,22,1,0,0
3204,NA,0,22,1,1,0
3205,NA,0,22,1,1,0
3206,NA,0,22,1,1,0
3207,NA,0,22,1,1,0
3208,NA,0,22,1,1,0
3209,NA,0,22,1,1,0
3210,NA,0,22,1,1,0
3211,0.2220387,1,22,1,0,0
3212,NA,0,22,1,1,0
3213,NA,0,22,1,1,0
3214,NA,0,22,1,1,0
3215,NA,0,22,1,1,0
3216,NA,0,22,1,1,0
3217,NA,0,22,1,1,0
3218,NA,0,22,1,1,0
3219,0.2381529,1,22,1,0,0
3220,0.2657213,1,22,1,0,0
3221,0.2888305,1,22,1,1,1
3222,0.2674541,1,22,1,1,1
3223,0.2742568,1,22,1,1,1
3224,0.276085,1,22,1,1,1
3225,0.2551716,1,22,1,1,1
3226,0.2948283,1,22,1,1,1
3227,0.2808333,1,22,1,1,1
3228,0.2679389,1,22,1,1,1
3229,0.2804503,1,22,1,1,1
3230,0.2863448,1,22,1,1,1
3231,0.2740947,1,22,1,1,1
3232,0.2657781,1,22,1,1,1
3233,NA,0,22,1,0,1
3234,0.2376663,1,22,1,1,1
3235,0.2679252,1,22,1,1,1
3236,0.2889545,1,22,1,1,1
3237,0.3032148,1,22,1,1,1
3238,0.2656587,1,22,1,1,1
3239,0.2772775,1,22,1,1,1
3240,0.2923668,1,22,1,1,1
3241,0.3195717,1,22,1,1,1
3242,0.3060377,1,22,1,1,1
3243,0.2659748,1,22,1,1,1
3244,0.2919638,1,22,1,1,1
3245,0.2858798,1,22,1,1,1
3246,0.2995862,1,22,1,1,1
3247,0.2938246,1,22,1,1,1
3248,0.2682689,1,22,1,1,1
3249,0.2526534,1,22,1,1,1
3250,0.3218787,1,22,1,1,1
3251,0.3258029,1,22,1,1,1
3252,0.2714221,1,22,1,1,1
3253,0.245247,1,22,1,1,1
3254,0.2772328,1,22,1,1,1
3255,NA,0,22,1,0,1
3256,0.2572754,1,22,1,1,1
3257,0.2807317,1,22,1,1,1
3258,0.2797618,1,22,1,1,1
3259,0.2716819,1,22,1,1,1
3260,0.2908815,1,22,1,1,1
3261,0.242321,1,22,1,1,1
3262,0.2704047,1,22,1,1,1
3263,0.2671827,1,22,1,1,1
3264,0.2799957,1,22,1,1,1
3265,0.2758318,1,22,1,1,1
3266,0.2560831,1,22,1,1,1
3267,0.3303146,1,22,1,1,1
3268,0.2364717,1,22,1,1,1
3269,0.2661425,1,22,1,1,1
3270,0.2818397,1,22,1,1,1
3271,0.2865064,1,22,1,1,1
3272,0.3228163,1,22,1,1,1
3273,0.3152759,1,22,1,1,1
3274,0.2911577,1,22,1,1,1
3275,0.3325278,1,22,1,1,1
3276,0.2985208,1,22,1,1,1
3277,0.2852265,1,22,1,1,1
3278,NA,0,22,1,0,1
3279,0.2918585,1,22,1,1,1
3280,0.3326611,1,22,1,1,1
3281,NA,0,22,1,1,0
3282,NA,0,22,1,1,0
3283,NA,0,22,1,1,0
3284,NA,0,22,1,1,0
3285,NA,0,22,1,1,0
3286,NA,0,22,1,1,0
3287,NA,0,22,1,1,0
3288,NA,0,22,1,1,0
3289,NA,0,22,1,1,0
3290,NA,0,22,1,1,0
3291,NA,0,22,1,1,0
3292,NA,0,22,1,1,0
3293,NA,0,22,1,1,0
3294,NA,0,22,1,1,0
3295,NA,0,22,1,1,0
3296,NA,0,22,1,1,0
3297,NA,0,22,1,1,0
3298,NA,0,22,1,1,0
3299,NA,0,22,1,1,0
3300,NA,0,22,1,1,0
3301,0.3453274,1,22,1,1,1
3302,0.2224238,1,22,1,1,1
3303,0.2582344,1,22,1,1,1
3304,0.2513818,1,22,1,1,1
3305,0.2343478,1,22,1,1,1
3306,0.2571713,1,22,1,1,1
3307,0.2841506,1,22,1,1,1
3308,0.243772,1,22,1,1,1
3309,0.2384394,1,22,1,1,1
3310,0.2766655,1,22,1,1,1
3311,0.244095,1,22,1,1,1
3312,0.2684276,1,22,1,1,1
3313,0.3631442,1,22,1,1,1
3314,0.2609105,1,22,1,1,1
3315,0.2952764,1,22,1,1,1
3316,0.2929882,1,22,1,1,1
3317,0.3565326,1,22,1,1,1
3318,0.2752993,1,22,1,1,1
3319,0.3206743,1,22,1,1,1
3320,0.275769,1,22,1,1,1
3321,0.2668668,1,22,1,1,1
3322,0.2691501,1,22,1,1,1
3323,NA,0,22,1,0,1
3324,0.2172024,1,22,1,1,1
3325,NA,0,22,1,0,1
3326,0.2549822,1,22,1,1,1
3327,0.2512097,1,22,1,1,1
3328,0.273189,1,22,1,1,1
3329,0.2154284,1,22,1,1,1
3330,0.2819246,1,22,1,1,1
3331,0.2628249,1,22,1,1,1
3332,NA,0,22,1,0,1
3333,0.2284098,1,22,1,1,1
3334,0.2377369,1,22,1,1,1
3335,0.2388051,1,22,1,1,1
3336,0.2520487,1,22,1,1,1
3337,NA,0,22,1,0,1
3338,0.281136,1,22,1,1,1
3339,0.2464847,1,22,1,1,1
3340,0.214402,1,22,1,1,1
3341,0.2809954,1,22,1,1,1
3342,0.2865514,1,22,1,1,1
3343,0.296268,1,22,1,1,1
3344,0.3167673,1,22,1,1,1
3345,0.3033471,1,22,1,1,1
3346,0.2862155,1,22,1,1,1
3347,0.2800309,1,22,1,1,1
3348,0.3101623,1,22,1,1,1
3349,0.2283673,1,22,1,1,1
3350,0.2682482,1,22,1,1,1
3351,0.2756124,1,22,1,1,1
3352,0.3737129,1,22,1,1,1
3353,0.3087146,1,22,1,1,1
3354,0.2852797,1,22,1,1,1
3355,0.2404168,1,22,1,1,1
3356,0.3159006,1,22,1,1,1
3357,0.2371348,1,22,1,1,1
3358,0.2690715,1,22,1,1,1
3359,0.2943438,1,22,1,1,1
3360,0.2876918,1,22,1,1,1
3361,0.3378121,1,23,1,1,1
3362,0.321493,1,23,1,1,1
3363,0.272669,1,23,1,1,1
3364,0.2636002,1,23,1,1,1
3365,0.3844469,1,23,1,1,1
3366,0.2548863,1,23,1,1,1
3367,0.2550275,1,23,1,1,1
3368,0.2726176,1,23,1,1,1
3369,0.2767847,1,23,1,1,1
3370,0.2849569,1,23,1,1,1
3371,0.2488573,1,23,1,1,1
3372,0.2679368,1,23,1,1,1
3373,0.2370341,1,23,1,1,1
3374,0.236762,1,23,1,1,1
3375,0.2542808,1,23,1,1,1
3376,0.2480722,1,23,1,1,1
3377,0.2548175,1,23,1,1,1
3378,0.2836259,1,23,1,1,1
3379,0.2864284,1,23,1,1,1
3380,NA,0,23,1,0,1
3381,0.3064639,1,23,1,1,1
3382,NA,0,23,1,0,1
3383,0.2688358,1,23,1,1,1
3384,0.2596223,1,23,1,1,1
3385,NA,0,23,1,0,1
3386,0.2630673,1,23,1,1,1
3387,0.3599466,1,23,1,1,1
3388,NA,0,23,1,0,1
3389,NA,0,23,1,0,1
3390,NA,0,23,1,0,1
3391,0.243458,1,23,1,1,1
3392,0.2864128,1,23,1,1,1
3393,NA,0,23,1,0,1
3394,0.2580286,1,23,1,1,1
3395,0.294276,1,23,1,1,1
3396,0.3026881,1,23,1,1,1
3397,0.3012411,1,23,1,1,1
3398,0.2515028,1,23,1,1,1
3399,0.3341366,1,23,1,1,1
3400,0.2896458,1,23,1,1,1
3401,0.2572178,1,23,1,1,1
3402,0.28287,1,23,1,1,1
3403,0.353176,1,23,1,1,1
3404,0.2354647,1,23,1,1,1
3405,0.2692656,1,23,1,1,1
3406,0.2497011,1,23,1,1,1
3407,0.2735256,1,23,1,1,1
3408,0.2513267,1,23,1,1,1
3409,0.2544687,1,23,1,1,1
3410,0.279626,1,23,1,1,1
3411,0.2375639,1,23,1,1,1
3412,0.2994595,1,23,1,1,1
3413,0.2168727,1,23,1,1,1
3414,NA,0,23,1,0,1
3415,0.3273462,1,23,1,1,1
3416,0.2235612,1,23,1,1,1
3417,NA,0,23,1,0,1
3418,0.2568529,1,23,1,1,1
3419,0.2316508,1,23,1,1,1
3420,0.2162125,1,23,1,1,1
3421,NA,0,23,1,1,0
3422,0.2190867,1,23,1,0,0
3423,NA,0,23,1,1,0
3424,NA,0,23,1,1,0
3425,NA,0,23,1,1,0
3426,NA,0,23,1,1,0
3427,NA,0,23,1,1,0
3428,NA,0,23,1,1,0
3429,NA,0,23,1,1,0
3430,0.2198698,1,23,1,0,0
3431,NA,0,23,1,1,0
3432,NA,0,23,1,1,0
3433,NA,0,23,1,1,0
3434,NA,0,23,1,1,0
3435,NA,0,23,1,1,0
3436,NA,0,23,1,1,0
3437,0.2586159,1,23,1,0,0
3438,NA,0,23,1,1,0
3439,NA,0,23,1,1,0
3440,0.2706192,1,23,1,0,0
3441,0.2272137,1,23,1,1,1
3442,0.2374206,1,23,1,1,1
3443,0.2783628,1,23,1,1,1
3444,0.2191262,1,23,1,1,1
3445,0.218894,1,23,1,1,1
3446,0.2625208,1,23,1,1,1
3447,0.2749766,1,23,1,1,1
3448,0.2356506,1,23,1,1,1
3449,NA,0,23,1,0,1
3450,0.266163,1,23,1,1,1
3451,0.3233953,1,23,1,1,1
3452,0.2403786,1,23,1,1,1
3453,0.2692309,1,23,1,1,1
3454,0.2439395,1,23,1,1,1
3455,0.314449,1,23,1,1,1
3456,0.2426528,1,23,1,1,1
3457,0.2057307,1,23,1,1,1
3458,0.2187791,1,23,1,1,1
3459,0.2588108,1,23,1,1,1
3460,0.3035379,1,23,1,1,1
3461,0.2788071,1,23,1,1,1
3462,0.2816308,1,23,1,1,1
3463,0.2539869,1,23,1,1,1
3464,0.2067187,1,23,1,1,1
3465,0.2497825,1,23,1,1,1
3466,0.2142682,1,23,1,1,1
3467,0.2310685,1,23,1,1,1
3468,0.2345232,1,23,1,1,1
3469,0.2576651,1,23,1,1,1
3470,0.2604835,1,23,1,1,1
3471,0.2803316,1,23,1,1,1
3472,0.2441921,1,23,1,1,1
3473,0.341881,1,23,1,1,1
3474,0.2497216,1,23,1,1,1
3475,0.2433967,1,23,1,1,1
3476,0.2425398,1,23,1,1,1
3477,0.2923411,1,23,1,1,1
3478,0.2738086,1,23,1,1,1
3479,0.2540332,1,23,1,1,1
3480,0.3082685,1,23,1,1,1
3481,0.2979222,1,23,1,1,1
3482,0.3457343,1,23,1,1,1
3483,NA,0,23,1,0,1
3484,NA,0,23,1,0,1
3485,NA,0,23,1,0,1
3486,0.2923878,1,23,1,1,1
3487,NA,0,23,1,0,1
3488,NA,0,23,1,0,1
3489,0.2723089,1,23,1,1,1
3490,0.2750128,1,23,1,1,1
3491,0.2813615,1,23,1,1,1
3492,0.1853471,1,23,1,1,1
3493,NA,0,23,1,0,1
3494,0.2889048,1,23,1,1,1
3495,0.2512126,1,23,1,1,1
3496,NA,0,23,1,0,1
3497,NA,0,23,1,0,1
3498,NA,0,23,1,0,1
3499,NA,0,23,1,0,1
3500,0.2924582,1,23,1,1,1
3501,NA,0,23,1,1,0
3502,NA,0,23,1,1,0
3503,0.1755889,1,23,1,0,0
3504,NA,0,23,1,1,0
3505,NA,0,23,1,1,0
3506,NA,0,23,1,1,0
3507,NA,0,23,1,1,0
3508,NA,0,23,1,1,0
3509,NA,0,23,1,1,0
3510,0.2211641,1,23,1,0,0
3511,NA,0,23,1,1,0
3512,NA,0,23,1,1,0
3513,0.2081188,1,23,1,0,0
3514,NA,0,23,1,1,0
3515,NA,0,23,1,1,0
3516,NA,0,23,1,1,0
3517,NA,0,23,1,1,0
3518,NA,0,23,1,1,0
3519,NA,0,23,1,1,0
3520,NA,0,23,1,1,0
3521,NA,0,24,1,1,0
3522,0.2425181,1,24,1,0,0
3523,NA,0,24,1,1,0
3524,NA,0,24,1,1,0
3525,NA,0,24,1,1,0
3526,0.2350304,1,24,1,0,0
3527,NA,0,24,1,1,0
3528,0.2196243,1,24,1,0,0
3529,NA,0,24,1,1,0
3530,0.198338,1,24,1,0,0
3531,0.1746966,1,24,1,0,0
3532,0.2042126,1,24,1,0,0
3533,0.2476676,1,24,1,0,0
3534,NA,0,24,1,1,0
3535,NA,0,24,1,1,0
3536,0.0064251,1,24,1,0,0
3537,0.2182893,1,24,1,0,0
3538,NA,0,24,1,1,0
3539,0.2361439,1,24,1,0,0
3540,0.2370415,1,24,1,0,0
3541,NA,0,24,1,0,1
3542,0.2746007,1,24,1,1,1
3543,0.234794,1,24,1,1,1
3544,0.2445765,1,24,1,1,1
3545,0.2580468,1,24,1,1,1
3546,0.2218784,1,24,1,1,1
3547,0.3602478,1,24,1,1,1
3548,0.3176411,1,24,1,1,1
3549,0.3363236,1,24,1,1,1
3550,0.2639411,1,24,1,1,1
3551,0.363256,1,24,1,1,1
3552,0.2400169,1,24,1,1,1
3553,0.2460898,1,24,1,1,1
3554,0.193887,1,24,1,1,1
3555,0.1922542,1,24,1,1,1
3556,0.2275377,1,24,1,1,1
3557,0.2435996,1,24,1,1,1
3558,0.2988476,1,24,1,1,1
3559,0.2822061,1,24,1,1,1
3560,0.2427205,1,24,1,1,1
3561,0.2877772,1,24,1,1,1
3562,0.2468156,1,24,1,1,1
3563,0.290573,1,24,1,1,1
3564,0.374099,1,24,1,1,1
3565,NA,0,24,1,0,1
3566,0.2429195,1,24,1,1,1
3567,0.346371,1,24,1,1,1
3568,0.2803919,1,24,1,1,1
3569,NA,0,24,1,0,1
3570,0.2357127,1,24,1,1,1
3571,0.3471098,1,24,1,1,1
3572,0.1955738,1,24,1,1,1
3573,0.2648785,1,24,1,1,1
3574,0.2169008,1,24,1,1,1
3575,0.3071052,1,24,1,1,1
3576,0.2327144,1,24,1,1,1
3577,0.2624082,1,24,1,1,1
3578,0.2396207,1,24,1,1,1
3579,0.3161655,1,24,1,1,1
3580,0.3571858,1,24,1,1,1
3581,0.3819312,1,24,1,1,1
3582,0.3498619,1,24,1,1,1
3583,0.1985089,1,24,1,1,1
3584,0.3184757,1,24,1,1,1
3585,0.3539163,1,24,1,1,1
3586,0.2567035,1,24,1,1,1
3587,0.2711924,1,24,1,1,1
3588,0.3167959,1,24,1,1,1
3589,0.2415491,1,24,1,1,1
3590,0.2028434,1,24,1,1,1
3591,0.3214044,1,24,1,1,1
3592,0.3113045,1,24,1,1,1
3593,0.361087,1,24,1,1,1
3594,0.2586035,1,24,1,1,1
3595,0.2501059,1,24,1,1,1
3596,0.3107802,1,24,1,1,1
3597,0.2686074,1,24,1,1,1
3598,NA,0,24,1,0,1
3599,0.2412175,1,24,1,1,1
3600,0.2277633,1,24,1,1,1
3601,0.2205219,1,24,1,0,0
3602,0.2440861,1,24,1,0,0
3603,NA,0,24,1,1,0
3604,NA,0,24,1,1,0
3605,NA,0,24,1,1,0
3606,NA,0,24,1,1,0
3607,NA,0,24,1,1,0
3608,0.3148063,1,24,1,0,0
3609,NA,0,24,1,1,0
3610,NA,0,24,1,1,0
3611,NA,0,24,1,1,0
3612,0.3574222,1,24,1,0,0
3613,NA,0,24,1,1,0
3614,NA,0,24,1,1,0
3615,0.2578613,1,24,1,0,0
3616,NA,0,24,1,1,0
3617,NA,0,24,1,1,0
3618,NA,0,24,1,1,0
3619,NA,0,24,1,1,0
3620,NA,0,24,1,1,0
3621,0.3635552,1,24,1,1,1
3622,0.2473005,1,24,1,1,1
3623,0.3377054,1,24,1,1,1
3624,0.3446461,1,24,1,1,1
3625,0.3123045,1,24,1,1,1
3626,0.3727157,1,24,1,1,1
3627,0.3446729,1,24,1,1,1
3628,0.3000322,1,24,1,1,1
3629,0.2676758,1,24,1,1,1
3630,0.3526946,1,24,1,1,1
3631,0.2352698,1,24,1,1,1
3632,0.2665969,1,24,1,1,1
3633,NA,0,24,1,0,1
3634,0.2565519,1,24,1,1,1
3635,0.3029453,1,24,1,1,1
3636,0.3277477,1,24,1,1,1
3637,0.2426404,1,24,1,1,1
3638,0.2799505,1,24,1,1,1
3639,0.2784196,1,24,1,1,1
3640,0.2179095,1,24,1,1,1
3641,0.2976493,1,24,1,1,1
3642,0.2938244,1,24,1,1,1
3643,0.2428534,1,24,1,1,1
3644,0.2769519,1,24,1,1,1
3645,0.2532367,1,24,1,1,1
3646,0.299587,1,24,1,1,1
3647,0.3168134,1,24,1,1,1
3648,0.3632545,1,24,1,1,1
3649,0.3097861,1,24,1,1,1
3650,0.2789234,1,24,1,1,1
3651,0.2688212,1,24,1,1,1
3652,0.2554283,1,24,1,1,1
3653,0.2746813,1,24,1,1,1
3654,0.2861686,1,24,1,1,1
3655,0.2665967,1,24,1,1,1
3656,0.2234169,1,24,1,1,1
3657,0.264133,1,24,1,1,1
3658,0.2700521,1,24,1,1,1
3659,0.2584215,1,24,1,1,1
3660,0.3195386,1,24,1,1,1
3661,0.2273423,1,24,1,1,1
3662,0.3281875,1,24,1,1,1
3663,0.2377683,1,24,1,1,1
3664,0.3154027,1,24,1,1,1
3665,0.2643308,1,24,1,1,1
3666,0.282625,1,24,1,1,1
3667,0.2840811,1,24,1,1,1
3668,0.2528462,1,24,1,1,1
3669,0.3751425,1,24,1,1,1
3670,0.2481642,1,24,1,1,1
3671,0.2461935,1,24,1,1,1
3672,NA,0,24,1,0,1
3673,0.2663412,1,24,1,1,1
3674,0.2770762,1,24,1,1,1
3675,0.285162,1,24,1,1,1
3676,0.3575949,1,24,1,1,1
3677,0.3016626,1,24,1,1,1
3678,0.2616322,1,24,1,1,1
3679,0.2399323,1,24,1,1,1
3680,0.2537238,1,24,1,1,1
3681,NA,0,25,1,0,1
3682,0.2742336,1,25,1,1,1
3683,0.3166591,1,25,1,1,1
3684,0.3331952,1,25,1,1,1
3685,0.2977558,1,25,1,1,1
3686,0.2951203,1,25,1,1,1
3687,0.2872609,1,25,1,1,1
3688,0.2563552,1,25,1,1,1
3689,0.3552948,1,25,1,1,1
3690,0.3835443,1,25,1,1,1
3691,0.3454612,1,25,1,1,1
3692,0.3465341,1,25,1,1,1
3693,0.3489102,1,25,1,1,1
3694,NA,0,25,1,0,1
3695,0.3449557,1,25,1,1,1
3696,NA,0,25,1,0,1
3697,NA,0,25,1,0,1
3698,0.3759775,1,25,1,1,1
3699,0.3284412,1,25,1,1,1
3700,0.3201961,1,25,1,1,1
3701,0.3268027,1,25,1,1,1
3702,0.2946308,1,25,1,1,1
3703,0.3191411,1,25,1,1,1
3704,0.3645929,1,25,1,1,1
3705,NA,0,25,1,0,1
3706,0.2961584,1,25,1,1,1
3707,0.3182313,1,25,1,1,1
3708,NA,0,25,1,0,1
3709,0.3276138,1,25,1,1,1
3710,0.3750985,1,25,1,1,1
3711,0.3515586,1,25,1,1,1
3712,NA,0,25,1,0,1
3713,0.2779816,1,25,1,1,1
3714,0.2939765,1,25,1,1,1
3715,0.3054593,1,25,1,1,1
3716,0.3320173,1,25,1,1,1
3717,0.2882836,1,25,1,1,1
3718,0.0888021,1,25,1,1,1
3719,0.3174677,1,25,1,1,1
3720,0.346907,1,25,1,1,1
3721,NA,0,25,1,0,1
3722,0.3660083,1,25,1,1,1
3723,0.3667545,1,25,1,1,1
3724,0.3542019,1,25,1,1,1
3725,NA,0,25,1,0,1
3726,0.3409097,1,25,1,1,1
3727,NA,0,25,1,0,1
3728,0.3897944,1,25,1,1,1
3729,NA,0,25,1,0,1
3730,NA,0,25,1,0,1
3731,0.3776664,1,25,1,1,1
3732,0.3685421,1,25,1,1,1
3733,NA,0,25,1,0,1
3734,NA,0,25,1,0,1
3735,0.351112,1,25,1,1,1
3736,0.3136756,1,25,1,1,1
3737,0.3712989,1,25,1,1,1
3738,0.3773061,1,25,1,1,1
3739,0.368376,1,25,1,1,1
3740,0.3536135,1,25,1,1,1
3741,NA,0,25,1,1,0
3742,NA,0,25,1,1,0
3743,NA,0,25,1,1,0
3744,NA,0,25,1,1,0
3745,NA,0,25,1,1,0
3746,NA,0,25,1,1,0
3747,NA,0,25,1,1,0
3748,0.214519,1,25,1,0,0
3749,NA,0,25,1,1,0
3750,NA,0,25,1,1,0
3751,NA,0,25,1,1,0
3752,NA,0,25,1,1,0
3753,NA,0,25,1,1,0
3754,NA,0,25,1,1,0
3755,NA,0,25,1,1,0
3756,NA,0,25,1,1,0
3757,NA,0,25,1,1,0
3758,NA,0,25,1,1,0
3759,NA,0,25,1,1,0
3760,NA,0,25,1,1,0
3761,NA,0,25,1,0,1
3762,0.3511096,1,25,1,1,1
3763,0.3437189,1,25,1,1,1
3764,0.2564725,1,25,1,1,1
3765,0.3292163,1,25,1,1,1
3766,0.3581379,1,25,1,1,1
3767,0.3579773,1,25,1,1,1
3768,0.3240338,1,25,1,1,1
3769,0.3456858,1,25,1,1,1
3770,0.3334015,1,25,1,1,1
3771,0.2780404,1,25,1,1,1
3772,NA,0,25,1,0,1
3773,0.3366488,1,25,1,1,1
3774,0.2726704,1,25,1,1,1
3775,0.357778,1,25,1,1,1
3776,0.3040064,1,25,1,1,1
3777,0.3465999,1,25,1,1,1
3778,0.3667874,1,25,1,1,1
3779,0.3146829,1,25,1,1,1
3780,0.3558395,1,25,1,1,1
3781,0.3268846,1,25,1,1,1
3782,0.3285865,1,25,1,1,1
3783,NA,0,25,1,0,1
3784,0.3247682,1,25,1,1,1
3785,0.373539,1,25,1,1,1
3786,0.3343977,1,25,1,1,1
3787,NA,0,25,1,0,1
3788,0.3089292,1,25,1,1,1
3789,NA,0,25,1,0,1
3790,0.3680809,1,25,1,1,1
3791,0.375441,1,25,1,1,1
3792,0.3708862,1,25,1,1,1
3793,NA,0,25,1,0,1
3794,NA,0,25,1,0,1
3795,0.3309204,1,25,1,1,1
3796,0.364717,1,25,1,1,1
3797,0.3498481,1,25,1,1,1
3798,NA,0,25,1,0,1
3799,0.3714077,1,25,1,1,1
3800,0.3695861,1,25,1,1,1
3801,NA,0,25,1,0,1
3802,0.3215952,1,25,1,1,1
3803,0.3464398,1,25,1,1,1
3804,0.3529476,1,25,1,1,1
3805,0.3378304,1,25,1,1,1
3806,0.2852027,1,25,1,1,1
3807,NA,0,25,1,0,1
3808,0.3011637,1,25,1,1,1
3809,0.3765642,1,25,1,1,1
3810,0.3312357,1,25,1,1,1
3811,0.3887349,1,25,1,1,1
3812,0.3700395,1,25,1,1,1
3813,0.3106598,1,25,1,1,1
3814,0.3529817,1,25,1,1,1
3815,NA,0,25,1,0,1
3816,0.3418979,1,25,1,1,1
3817,0.3662517,1,25,1,1,1
3818,0.3715252,1,25,1,1,1
3819,NA,0,25,1,0,1
3820,0.3469233,1,25,1,1,1
3821,NA,0,25,1,1,0
3822,NA,0,25,1,1,0
3823,NA,0,25,1,1,0
3824,NA,0,25,1,1,0
3825,NA,0,25,1,1,0
3826,NA,0,25,1,1,0
3827,0.3776748,1,25,1,0,0
3828,NA,0,25,1,1,0
3829,NA,0,25,1,1,0
3830,NA,0,25,1,1,0
3831,NA,0,25,1,1,0
3832,NA,0,25,1,1,0
3833,NA,0,25,1,1,0
3834,NA,0,25,1,1,0
3835,NA,0,25,1,1,0
3836,NA,0,25,1,1,0
3837,NA,0,25,1,1,0
3838,NA,0,25,1,1,0
3839,NA,0,25,1,1,0
3840,NA,0,25,1,1,0
3841,0.2885943,1,26,1,1,1
3842,0.289521,1,26,1,1,1
3843,0.2917996,1,26,1,1,1
3844,0.3251108,1,26,1,1,1
3845,0.347476,1,26,1,1,1
3846,0.3602359,1,26,1,1,1
3847,0.2796766,1,26,1,1,1
3848,0.278783,1,26,1,1,1
3849,0.2304521,1,26,1,1,1
3850,0.3040871,1,26,1,1,1
3851,0.2676331,1,26,1,1,1
3852,0.3578633,1,26,1,1,1
3853,0.2914855,1,26,1,1,1
3854,0.2987669,1,26,1,1,1
3855,0.3576294,1,26,1,1,1
3856,0.2691607,1,26,1,1,1
3857,0.2843984,1,26,1,1,1
3858,0.301621,1,26,1,1,1
3859,0.2825638,1,26,1,1,1
3860,0.2696977,1,26,1,1,1
3861,0.2936931,1,26,1,1,1
3862,0.2953148,1,26,1,1,1
3863,0.2744563,1,26,1,1,1
3864,0.3428298,1,26,1,1,1
3865,0.270189,1,26,1,1,1
3866,0.2531364,1,26,1,1,1
3867,0.2746373,1,26,1,1,1
3868,0.2528487,1,26,1,1,1
3869,0.2865554,1,26,1,1,1
3870,0.3771028,1,26,1,1,1
3871,0.348946,1,26,1,1,1
3872,0.2923926,1,26,1,1,1
3873,0.3013071,1,26,1,1,1
3874,0.3470271,1,26,1,1,1
3875,0.2779067,1,26,1,1,1
3876,0.326814,1,26,1,1,1
3877,0.2880295,1,26,1,1,1
3878,0.289641,1,26,1,1,1
3879,0.3007832,1,26,1,1,1
3880,0.2707373,1,26,1,1,1
3881,0.2656226,1,26,1,1,1
3882,0.2873367,1,26,1,1,1
3883,0.295105,1,26,1,1,1
3884,0.266858,1,26,1,1,1
3885,0.2761535,1,26,1,1,1
3886,0.2687226,1,26,1,1,1
3887,0.2919344,1,26,1,1,1
3888,0.370826,1,26,1,1,1
3889,0.362875,1,26,1,1,1
3890,0.357223,1,26,1,1,1
3891,0.2813278,1,26,1,1,1
3892,0.3701882,1,26,1,1,1
3893,NA,0,26,1,0,1
3894,0.3231935,1,26,1,1,1
3895,0.2881493,1,26,1,1,1
3896,0.3113873,1,26,1,1,1
3897,0.2702529,1,26,1,1,1
3898,0.2982613,1,26,1,1,1
3899,0.241874,1,26,1,1,1
3900,0.246434,1,26,1,1,1
3901,NA,0,26,1,1,0
3902,0.2137954,1,26,1,0,0
3903,0.256087,1,26,1,0,0
3904,NA,0,26,1,1,0
3905,NA,0,26,1,1,0
3906,NA,0,26,1,1,0
3907,NA,0,26,1,1,0
3908,NA,0,26,1,1,0
3909,NA,0,26,1,1,0
3910,0.268352,1,26,1,0,0
3911,NA,0,26,1,1,0
3912,NA,0,26,1,1,0
3913,NA,0,26,1,1,0
3914,NA,0,26,1,1,0
3915,NA,0,26,1,1,0
3916,0.3063792,1,26,1,0,0
3917,NA,0,26,1,1,0
3918,NA,0,26,1,1,0
3919,NA,0,26,1,1,0
3920,0.2101341,1,26,1,0,0
3921,NA,0,26,1,0,1
3922,0.2824487,1,26,1,1,1
3923,0.2599024,1,26,1,1,1
3924,0.2931277,1,26,1,1,1
3925,0.2497629,1,26,1,1,1
3926,0.2626327,1,26,1,1,1
3927,0.2787156,1,26,1,1,1
3928,0.2768159,1,26,1,1,1
3929,0.3205118,1,26,1,1,1
3930,0.2749573,1,26,1,1,1
3931,0.3227886,1,26,1,1,1
3932,0.2673413,1,26,1,1,1
3933,0.30229,1,26,1,1,1
3934,0.321432,1,26,1,1,1
3935,0.2284294,1,26,1,1,1
3936,0.281213,1,26,1,1,1
3937,0.2821445,1,26,1,1,1
3938,0.2777266,1,26,1,1,1
3939,0.2497024,1,26,1,1,1
3940,0.2778873,1,26,1,1,1
3941,NA,0,26,1,0,1
3942,0.2945691,1,26,1,1,1
3943,NA,0,26,1,0,1
3944,0.3049658,1,26,1,1,1
3945,0.3204306,1,26,1,1,1
3946,0.2490533,1,26,1,1,1
3947,0.2794561,1,26,1,1,1
3948,0.2888882,1,26,1,1,1
3949,0.2848727,1,26,1,1,1
3950,0.3117897,1,26,1,1,1
3951,0.3572411,1,26,1,1,1
3952,0.2840316,1,26,1,1,1
3953,0.2852433,1,26,1,1,1
3954,0.3586142,1,26,1,1,1
3955,0.2682992,1,26,1,1,1
3956,0.2692479,1,26,1,1,1
3957,0.2640358,1,26,1,1,1
3958,0.3695346,1,26,1,1,1
3959,0.3287111,1,26,1,1,1
3960,0.3223359,1,26,1,1,1
3961,0.2776058,1,26,1,1,1
3962,0.2686937,1,26,1,1,1
3963,0.3237005,1,26,1,1,1
3964,0.2412532,1,26,1,1,1
3965,0.281309,1,26,1,1,1
3966,0.2746425,1,26,1,1,1
3967,0.3014961,1,26,1,1,1
3968,0.2740533,1,26,1,1,1
3969,0.3062177,1,26,1,1,1
3970,0.2760854,1,26,1,1,1
3971,0.2691134,1,26,1,1,1
3972,0.280948,1,26,1,1,1
3973,0.2701676,1,26,1,1,1
3974,NA,0,26,1,0,1
3975,0.3011094,1,26,1,1,1
3976,0.3024355,1,26,1,1,1
3977,0.3329206,1,26,1,1,1
3978,0.2748417,1,26,1,1,1
3979,0.2833726,1,26,1,1,1
3980,0.2917698,1,26,1,1,1
3981,0.2458972,1,26,1,0,0
3982,NA,0,26,1,1,0
3983,NA,0,26,1,1,0
3984,0.2347962,1,26,1,0,0
3985,NA,0,26,1,1,0
3986,NA,0,26,1,1,0
3987,0.2525811,1,26,1,0,0
3988,NA,0,26,1,1,0
3989,NA,0,26,1,1,0
3990,0.3109856,1,26,1,0,0
3991,NA,0,26,1,1,0
3992,NA,0,26,1,1,0
3993,NA,0,26,1,1,0
3994,NA,0,26,1,1,0
3995,NA,0,26,1,1,0
3996,NA,0,26,1,1,0
3997,NA,0,26,1,1,0
3998,NA,0,26,1,1,0
3999,NA,0,26,1,1,0
4000,NA,0,26,1,1,0
4001,0.3102513,1,27,1,1,1
4002,0.2991149,1,27,1,1,1
4003,0.2651033,1,27,1,1,1
4004,0.2067101,1,27,1,1,1
4005,0.2526951,1,27,1,1,1
4006,0.2886316,1,27,1,1,1
4007,0.2673976,1,27,1,1,1
4008,0.2880378,1,27,1,1,1
4009,0.3606752,1,27,1,1,1
4010,0.319964,1,27,1,1,1
4011,0.3637691,1,27,1,1,1
4012,0.2878346,1,27,1,1,1
4013,0.2695016,1,27,1,1,1
4014,0.2901747,1,27,1,1,1
4015,0.3192082,1,27,1,1,1
4016,0.3013347,1,27,1,1,1
4017,0.3056381,1,27,1,1,1
4018,0.3079449,1,27,1,1,1
4019,0.3464038,1,27,1,1,1
4020,0.3612948,1,27,1,1,1
4021,0.3723497,1,27,1,1,1
4022,0.3220702,1,27,1,1,1
4023,0.2809273,1,27,1,1,1
4024,0.3005551,1,27,1,1,1
4025,0.2873822,1,27,1,1,1
4026,0.2887891,1,27,1,1,1
4027,0.2924863,1,27,1,1,1
4028,0.2955812,1,27,1,1,1
4029,0.3087928,1,27,1,1,1
4030,0.3078136,1,27,1,1,1
4031,0.3090036,1,27,1,1,1
4032,0.3100532,1,27,1,1,1
4033,0.2763573,1,27,1,1,1
4034,0.2921739,1,27,1,1,1
4035,0.3472327,1,27,1,1,1
4036,0.3047022,1,27,1,1,1
4037,0.2870349,1,27,1,1,1
4038,0.2806118,1,27,1,1,1
4039,0.2915827,1,27,1,1,1
4040,0.3659135,1,27,1,1,1
4041,0.3106393,1,27,1,1,1
4042,0.3045726,1,27,1,1,1
4043,0.2981281,1,27,1,1,1
4044,0.3239862,1,27,1,1,1
4045,0.3042943,1,27,1,1,1
4046,0.2805493,1,27,1,1,1
4047,NA,0,27,1,0,1
4048,0.3744714,1,27,1,1,1
4049,0.2991843,1,27,1,1,1
4050,0.2992453,1,27,1,1,1
4051,0.3372881,1,27,1,1,1
4052,NA,0,27,1,0,1
4053,0.3638076,1,27,1,1,1
4054,NA,0,27,1,0,1
4055,0.3004906,1,27,1,1,1
4056,0.3603959,1,27,1,1,1
4057,0.2933459,1,27,1,1,1
4058,0.3021778,1,27,1,1,1
4059,0.3168285,1,27,1,1,1
4060,0.2939966,1,27,1,1,1
4061,NA,0,27,1,1,0
4062,NA,0,27,1,1,0
4063,NA,0,27,1,1,0
4064,NA,0,27,1,1,0
4065,NA,0,27,1,1,0
4066,NA,0,27,1,1,0
4067,NA,0,27,1,1,0
4068,NA,0,27,1,1,0
4069,NA,0,27,1,1,0
4070,NA,0,27,1,1,0
4071,NA,0,27,1,1,0
4072,NA,0,27,1,1,0
4073,NA,0,27,1,1,0
4074,0.2395564,1,27,1,0,0
4075,NA,0,27,1,1,0
4076,NA,0,27,1,1,0
4077,NA,0,27,1,1,0
4078,NA,0,27,1,1,0
4079,NA,0,27,1,1,0
4080,0.3147108,1,27,1,0,0
4081,0.2653631,1,27,1,1,1
4082,0.3199447,1,27,1,1,1
4083,0.2758362,1,27,1,1,1
4084,0.2656972,1,27,1,1,1
4085,0.2901041,1,27,1,1,1
4086,0.3200885,1,27,1,1,1
4087,0.3012959,1,27,1,1,1
4088,NA,0,27,1,0,1
4089,0.2675508,1,27,1,1,1
4090,0.2915738,1,27,1,1,1
4091,0.3178073,1,27,1,1,1
4092,0.3049762,1,27,1,1,1
4093,0.312902,1,27,1,1,1
4094,0.2891353,1,27,1,1,1
4095,0.3103992,1,27,1,1,1
4096,0.286069,1,27,1,1,1
4097,0.2720714,1,27,1,1,1
4098,0.2706284,1,27,1,1,1
4099,0.2926596,1,27,1,1,1
4100,0.3418509,1,27,1,1,1
4101,0.2898941,1,27,1,1,1
4102,0.2758566,1,27,1,1,1
4103,0.269726,1,27,1,1,1
4104,0.292886,1,27,1,1,1
4105,0.300529,1,27,1,1,1
4106,0.2729789,1,27,1,1,1
4107,0.3122096,1,27,1,1,1
4108,0.2987645,1,27,1,1,1
4109,0.3639435,1,27,1,1,1
4110,0.2724184,1,27,1,1,1
4111,0.2969946,1,27,1,1,1
4112,0.2772855,1,27,1,1,1
4113,0.3193177,1,27,1,1,1
4114,0.2934573,1,27,1,1,1
4115,0.3144291,1,27,1,1,1
4116,0.337227,1,27,1,1,1
4117,0.301432,1,27,1,1,1
4118,0.3591649,1,27,1,1,1
4119,0.3379486,1,27,1,1,1
4120,0.3019094,1,27,1,1,1
4121,NA,0,27,1,0,1
4122,0.2939085,1,27,1,1,1
4123,0.2899994,1,27,1,1,1
4124,0.3675259,1,27,1,1,1
4125,0.2427966,1,27,1,1,1
4126,0.2330854,1,27,1,1,1
4127,0.2917739,1,27,1,1,1
4128,0.265191,1,27,1,1,1
4129,NA,0,27,1,0,1
4130,0.3565023,1,27,1,1,1
4131,0.2916402,1,27,1,1,1
4132,0.290138,1,27,1,1,1
4133,0.2597031,1,27,1,1,1
4134,0.2640243,1,27,1,1,1
4135,0.264746,1,27,1,1,1
4136,0.2790187,1,27,1,1,1
4137,0.2681155,1,27,1,1,1
4138,0.268052,1,27,1,1,1
4139,0.3158589,1,27,1,1,1
4140,0.3210179,1,27,1,1,1
4141,NA,0,27,1,1,0
4142,NA,0,27,1,1,0
4143,NA,0,27,1,1,0
4144,NA,0,27,1,1,0
4145,NA,0,27,1,1,0
4146,NA,0,27,1,1,0
4147,NA,0,27,1,1,0
4148,NA,0,27,1,1,0
4149,NA,0,27,1,1,0
4150,NA,0,27,1,1,0
4151,NA,0,27,1,1,0
4152,0.2255039,1,27,1,0,0
4153,0.2828187,1,27,1,0,0
4154,NA,0,27,1,1,0
4155,NA,0,27,1,1,0
4156,NA,0,27,1,1,0
4157,NA,0,27,1,1,0
4158,NA,0,27,1,1,0
4159,NA,0,27,1,1,0
4160,0.3826411,1,27,1,0,0
