Participant.ID,PRE.POST,Condition,a(1),v(1),t(1),z_trans(1),z(1),dc(1),likelihood,penalty,bic
P001,PRE,Fear,1.988182093,-0.086756126,1.41E-08,-2.522641711,0.074286076,7.087437092,-645.5010966,30.45104289,675.9521395
P002,PRE,Fear,0.676147269,3.153549815,0.208125885,-1.147852537,0.240881545,1.476180327,-518.2702041,30.45104289,548.7212469
P003,PRE,Fear,0.666580807,2.788528877,0.215571803,-0.87681804,0.293837593,2.419910082,-562.5921635,30.45104289,593.0432064
P004,PRE,Fear,0.823665891,1.818433757,0.141110909,-0.083677736,0.479092764,1.953296336,-598.292024,30.45104289,628.7430669
P005,PRE,Fear,0.756427018,3.964100152,0.204130745,-0.24625238,0.43874613,1.806618642,-500.6220662,30.45104289,531.0731091
P006,PRE,Fear,0.742975749,3.292916974,0.223598051,-0.739507205,0.323111914,2.105347452,-529.3514377,30.45104289,559.8024806
P007,PRE,Fear,0.747495926,4.361735162,0.22162598,-0.913165097,0.286352597,1.63785788,-506.0826894,30.45104289,536.5337323
P008,PRE,Fear,2.363074881,-0.368333498,0.000659239,-3.750629492,0.022963242,8.307326689,-556.4394433,30.45104289,586.8904862
P009,PRE,Fear,0.813053575,1.361486486,0.172627239,-1.087068852,0.252170634,2.420133565,-662.0297913,30.45104289,692.4808342
P010,PRE,Fear,0.834572419,2.186302875,0.186272413,-0.87889115,0.293407612,2.044645718,-607.4537896,30.45104289,637.9048325
P011,PRE,Fear,2.471001916,-0.085441249,0.003574582,-3.230193197,0.038045176,8.663008207,-623.1870271,30.45104289,653.63807
P012,PRE,Fear,0.659488118,3.372221801,0.207513047,-0.087869875,0.478046655,0.303795,-539.7139537,30.45104289,570.1649966
P013,PRE,Fear,0.664993014,3.669681839,0.224847938,-0.730066481,0.325180139,1.876905663,-536.8394522,30.45104289,567.290495
P014,PRE,Fear,0.777102555,4.105186054,0.227484425,-1.487065816,0.184362541,1.971260989,-529.0205475,30.45104289,559.4715904
P015,PRE,Fear,0.626416127,3.512130961,0.216324316,-0.816277929,0.306554323,0.694444345,-501.2622523,30.45104289,531.7132952
P016,PRE,Fear,0.760568152,2.623075416,0.168369886,-0.438492201,0.392100306,2.003669548,-561.459748,30.45104289,591.9107909
P017,PRE,Fear,0.662804449,1.857584519,0.204322216,-0.214461506,0.44658918,1.339047158,-615.9865392,30.45104289,646.4375821
P018,PRE,Fear,0.717573666,1.982543431,0.172525024,0.006390427,0.501597601,1.614994395,-603.3942605,30.45104289,633.8453033
P020,PRE,Fear,1.299556655,15.76527187,0.187873365,-1.787362523,0.14339639,-4.821097325,-433.8233378,30.45104289,464.2743807
P021,PRE,Fear,0.729786549,2.707934414,0.193798469,0.1460687,0.536452385,1.761942849,-575.2249905,30.45104289,605.6760334
P022,PRE,Fear,0.803176047,3.829300913,0.198262104,-0.603071462,0.353641307,2.276058892,-530.0901665,30.45104289,560.5412094
P023,PRE,Fear,0.569003095,3.814731247,0.200670503,0.127538449,0.531841463,-0.119261586,-508.8419789,30.45104289,539.2930218
P024,PRE,Fear,0.60570149,2.233864468,0.203284811,-0.367169343,0.409225185,2.344182542,-611.9251095,30.45104289,642.3761524
P025,PRE,Fear,2.243467039,14.80511887,0.158277863,-3.574455708,0.027266383,-2.751237006,-496.0971692,30.45104289,526.548212
P026,PRE,Fear,0.809724656,3.712216001,0.206026608,-0.452832592,0.388687503,2.206179754,-517.5393609,30.45104289,547.9904038
P027,PRE,Fear,0.652577611,2.970186136,0.226513937,-0.689196799,0.334211773,1.786353428,-547.1653144,30.45104289,577.6163573
P028,PRE,Fear,2.099976276,0.194767764,6.52E-06,-2.882064773,0.05304732,7.301645065,-624.7274295,30.45104289,655.1784724
P029,PRE,Fear,0.747205867,2.124417978,0.176005521,-0.975230422,0.273839197,2.134753382,-584.406973,30.45104289,614.8580159
P030,PRE,Fear,0.787918779,1.945636145,0.163397086,-0.669010839,0.338718366,1.681910713,-602.2724454,30.45104289,632.7234883
P031,PRE,Fear,1.889802872,19.46248394,0.153850159,-2.655461919,0.065653164,-4.925741348,-470.8271784,30.45104289,501.2782213
P032,PRE,Fear,0.786141417,1.947420191,0.155901231,-0.693291047,0.333301364,2.237410043,-604.7519898,30.45104289,635.2030327
P033,PRE,Fear,0.96257961,2.188915361,0.109866469,-0.60507756,0.353182889,2.048459952,-610.014966,30.45104289,640.4660089
P034,PRE,Fear,0.660348682,2.929248077,0.219611271,-0.778051746,0.314739931,1.875004581,-549.4882043,30.45104289,579.9392472
P035,PRE,Fear,0.880130346,3.427091679,0.17598786,-0.589707658,0.356701934,2.400132323,-544.5669715,30.45104289,575.0180144
P036,PRE,Fear,0.646030614,6.477497034,0.215668571,-0.629210612,0.347689551,-0.423889281,-478.503294,30.45104289,508.9543369
P037,PRE,Fear,0.901475745,2.874580802,0.186019572,-0.673069928,0.337809774,1.951666905,-570.9860288,30.45104289,601.4370717
P038,PRE,Fear,0.85261023,3.302129122,0.206414193,-1.088409734,0.251917854,2.465575294,-554.7191104,30.45104289,585.1701533
P039,PRE,Fear,0.655446537,2.419303819,0.187872073,0.142659553,0.535604524,1.26416617,-605.7100942,30.45104289,636.1611371
P040,PRE,Fear,0.70009143,3.505257544,0.200599776,-0.377110338,0.406824037,0.839364394,-533.4955665,30.45104289,563.9466094
P041,PRE,Fear,0.714265104,3.956681568,0.211512522,-0.34408817,0.414816755,1.550368191,-503.7931183,30.45104289,534.2441612
P042,PRE,Fear,0.657606506,2.980171006,0.204071191,-0.186380606,0.453539266,1.551171004,-597.0310143,30.45104289,627.4820572
P043,PRE,Fear,0.741185482,3.341767519,0.208525002,-0.866605362,0.295961146,1.957043089,-548.7745072,30.45104289,579.2255501
P044,PRE,Fear,0.665415683,4.215399583,0.232417656,-0.906937818,0.287626863,1.293473531,-488.6936074,30.45104289,519.1446503
P045,PRE,Fear,0.697496486,2.945922525,0.196855637,-0.915845882,0.28580508,1.952367802,-538.6365097,30.45104289,569.0875526
P046,PRE,Fear,2.408379831,4.220086686,0.219359633,2.120993078,0.892926913,0.719089557,-524.4108604,30.45104289,554.8619033
P047,PRE,Fear,0.856588631,2.078798025,0.137519138,0.042334708,0.510582097,1.722077413,-590.9914674,30.45104289,621.4425103
P048,PRE,Fear,0.634289332,0.924114026,0.165905521,-1.171560671,0.236573002,0.859771065,-480.2209427,30.45104289,510.6719855
P049,PRE,Fear,0.846752148,4.535022947,0.218850527,-0.842162985,0.30107943,2.502948951,-510.554363,30.45104289,541.0054059
P050,PRE,Fear,0.758558326,2.479310077,0.170645947,-0.211022034,0.447439392,1.460451022,-582.1768779,30.45104289,612.6279208
P051,PRE,Fear,2.05035189,0.05707588,5.35E-05,-2.692951283,0.063390568,7.457817395,-625.6654035,30.45104289,656.1164464
P052,PRE,Fear,0.737610612,4.034552062,0.208737606,-0.478839356,0.382526232,2.419271289,-560.3531831,30.45104289,590.8042259
P053,PRE,Fear,0.867857183,1.664245323,0.140327685,-0.845944062,0.300284375,2.010552134,-600.566766,30.45104289,631.0178089
P054,PRE,Fear,0.750829965,2.921725707,0.197360902,-0.618981199,0.350013197,2.236967156,-539.1979938,30.45104289,569.6490366
P001,POST,Fear,0.609448664,4.748291812,0.238038894,0.548188381,0.63371518,-0.69603164,-509.9567313,30.45104289,540.4077742
P002,POST,Fear,0.849756439,2.602017284,0.181161404,-0.78944607,0.312287621,1.992587539,-609.3500916,30.45104289,639.8011345
P003,POST,Fear,0.707304649,2.599976272,0.218424304,-0.239795764,0.440336682,1.629797373,-554.4840544,30.45104289,584.9350973
P004,POST,Fear,2.081569257,-0.462786491,0.062499398,-3.009551402,0.046996233,8.699366075,-662.1999704,30.45104289,692.6510133
P005,POST,Fear,0.816571895,4.349416578,0.199676545,-0.63070918,0.347349751,1.901828746,-491.2689487,30.45104289,521.7199916
P006,POST,Fear,1.78212724,6.045288145,0.143679654,-2.583542814,0.070205116,4.796278423,-478.0319652,30.45104289,508.483008
P007,POST,Fear,0.708371924,3.152075992,0.20494421,-1.18192491,0.234706269,1.625768718,-513.9249751,30.45104289,544.376018
P008,POST,Fear,2.571524896,-0.370830481,0.003747772,-4.02943542,0.017473611,8.529401762,-536.241686,30.45104289,566.6927289
P009,POST,Fear,0.750972083,2.572144287,0.198281511,-0.816867983,0.306428904,2.165374584,-607.7862794,30.45104289,638.2373223
P010,POST,Fear,1.153462869,5.473537754,0.206204826,-3.495261494,0.029447357,3.981868194,-396.5813006,30.45104289,427.0323435
P011,POST,Fear,0.955924914,1.490795846,0.129824309,-0.785226462,0.313194559,2.380975905,-626.5246053,30.45104289,656.9756482
P012,POST,Fear,0.753754948,3.69478287,0.215221134,-0.240828745,0.44008213,1.625281279,-501.0981928,30.45104289,531.5492357
P013,POST,Fear,0.639224046,3.825479668,0.213708829,-0.271864149,0.432449506,0.699788821,-510.3707111,30.45104289,540.8217539
P014,POST,Fear,0.799171852,3.957884893,0.18545202,-0.712225254,0.329107327,1.565261783,-508.4799284,30.45104289,538.9309713
P015,POST,Fear,0.733377929,4.181553596,0.205466631,-0.614901797,0.350941844,2.21140359,-508.4471625,30.45104289,538.8982054
P016,POST,Fear,0.876196884,1.700161893,0.141848737,-0.771358244,0.316185364,2.289660981,-613.0767058,30.45104289,643.5277487
P017,POST,Fear,0.714350759,2.956154029,0.20265297,-0.424147773,0.395524652,1.23860532,-530.1812547,30.45104289,560.6322976
P018,POST,Fear,0.78299921,1.939678885,0.164927499,-0.628184473,0.347922317,2.132192406,-608.3783807,30.45104289,638.8294236
P020,POST,Fear,0.774701524,4.957420993,0.205285106,-0.572076233,0.360757883,1.487992871,-475.357433,30.45104289,505.8084759
P021,POST,Fear,0.745672743,4.013490218,0.217989304,-0.73028164,0.325132927,2.329478287,-507.3797447,30.45104289,537.8307876
P022,POST,Fear,0.78228599,3.76650974,0.167904674,-0.47086035,0.384412631,1.60482843,-523.6356678,30.45104289,554.0867107
P023,POST,Fear,0.728826465,3.0227748,0.216049705,-0.134063469,0.466534241,1.464483438,-580.625825,30.45104289,611.0768679
P024,POST,Fear,0.715224532,1.962675032,0.200259317,-0.41112319,0.398642832,1.78093017,-600.9943635,30.45104289,631.4454064
P025,POST,Fear,0.852437207,2.984297999,0.214184645,-1.650339414,0.161063082,2.177789719,-571.057451,30.45104289,601.5084939
P026,POST,Fear,0.672329136,3.465177117,0.222877402,-0.484034575,0.381299873,1.578127786,-542.6908117,30.45104289,573.1418546
P027,POST,Fear,0.912200446,2.843812357,0.184069572,-0.644166217,0.344305369,2.029335407,-603.5316398,30.45104289,633.9826827
P028,POST,Fear,0.794702674,1.685234335,0.165421124,-0.505578142,0.376230683,1.336893201,-616.1386477,30.45104289,646.5896906
P029,POST,Fear,0.926364857,2.849681614,0.161751207,-0.586591983,0.357417193,1.851460517,-291.9349797,26.29215981,318.2271395
P030,POST,Fear,0.638296685,3.961913299,0.232074332,-0.121437733,0.469677821,0.011681223,-494.6281763,30.45104289,525.0792192
P031,POST,Fear,0.680431392,6.322783909,0.231397522,0.051209248,0.512799515,0.464199313,-478.6363987,30.45104289,509.0874416
P032,POST,Fear,0.659858104,2.124643624,0.201005655,-0.709404248,0.329730493,1.894064353,-568.2537837,30.45104289,598.7048266
P033,POST,Fear,0.774468544,3.144402728,0.186157882,-0.211394003,0.447347429,1.377798056,-572.4070065,30.45104289,602.8580494
P034,POST,Fear,0.756200836,1.996597404,0.180481384,-0.890971219,0.290909443,2.705749649,-606.7475783,30.45104289,637.1986212
P035,POST,Fear,0.763067041,3.903522156,0.20279228,-0.765022264,0.317556873,1.770809103,-518.5647151,30.45104289,549.015758
P036,POST,Fear,0.686371888,5.278874033,0.224194337,-0.676661193,0.337006897,1.915434011,-481.6331933,30.45104289,512.0842362
P037,POST,Fear,0.723326265,3.558809627,0.217413814,-0.246974246,0.43856838,1.749595236,-531.1379392,30.45104289,561.5889821
P038,POST,Fear,0.670897056,3.794221594,0.235938199,-0.966853576,0.275508095,2.120412926,-528.6447717,30.45104289,559.0958146
P039,POST,Fear,0.796690711,2.70021078,0.154797564,-0.705054587,0.330692515,2.3116255,-564.7712439,30.45104289,595.2222868
P040,POST,Fear,0.670661832,2.165578958,0.198730728,0.128808886,0.532157771,1.168959947,-589.1222755,30.45104289,619.5733184
P041,POST,Fear,0.724724216,2.950860865,0.187505641,-0.568851374,0.361501907,1.909679667,-543.0439941,30.45104289,573.495037
P042,POST,Fear,0.671295503,4.588395054,0.22110618,-0.593081011,0.35592824,2.338793873,-540.3140037,30.45104289,570.7650466
P043,POST,Fear,0.7294684,4.609861176,0.217912135,-0.735908813,0.323899421,1.638406633,-476.4582216,30.45104289,506.9092645
P044,POST,Fear,1.411571892,21.14594171,0.18943626,-2.254963827,0.094922155,-11.12248539,-484.0219028,30.45104289,514.4729457
P045,POST,Fear,0.722528406,3.011009203,0.211445951,-0.571213236,0.360956924,1.525229013,-538.9655038,30.45104289,569.4165467
P046,POST,Fear,0.904053649,4.485438571,0.196007821,-0.831746788,0.303275848,2.483587147,-511.7609597,30.45104289,542.2120026
P047,POST,Fear,0.930963956,2.475171242,0.155613977,-0.940122758,0.280875547,2.105138324,-612.1735924,30.45104289,642.6246353
P048,POST,Fear,0.687948558,2.8011153,0.213890414,-0.579895452,0.358956651,2.167380211,-554.4287173,30.45104289,584.8797602
P049,POST,Fear,0.881951338,3.583918697,0.199173975,-0.560147504,0.363513331,1.831076238,-519.4223803,30.45104289,549.8734232
P050,POST,Fear,1.032098739,2.87312773,0.132051958,-0.631270975,0.347222404,1.8791337,-538.5076838,30.45104289,568.9587267
P051,POST,Fear,0.715071651,2.225597687,0.205216613,-0.494510596,0.378831564,1.451003193,-611.7037899,30.45104289,642.1548328
P052,POST,Fear,0.8303907,4.766403705,0.201641229,-0.459067154,0.387207144,2.075232491,-494.0155681,30.45104289,524.466611
P053,POST,Fear,0.796447122,1.893616809,0.179089097,-0.772476692,0.315943592,2.181564865,-659.4016282,30.45104289,689.8526711
P054,POST,Fear,2.296704029,-0.629842832,0.05776868,-3.123478941,0.042149094,10.90398682,-618.6876853,30.45104289,649.1387282
P001,PRE,Happy,2.059650433,-0.281549065,1.49E-06,-2.892627798,0.052519203,7.551521681,-624.6955691,30.45104289,655.146612
P002,PRE,Happy,0.740899673,3.402492212,0.21199778,-0.918868751,0.28518845,2.061876575,-541.8709374,30.45104289,572.3219803
P003,PRE,Happy,0.582518584,2.989816187,0.226300328,-0.381033935,0.405877549,1.739586063,-540.2576208,30.45104289,570.7086637
P004,PRE,Happy,2.443816099,-0.716067239,0.0233362,-3.111035718,0.042654331,10.58276057,-621.2492313,30.45104289,651.7002742
P005,PRE,Happy,0.753955957,3.353778843,0.195037534,-0.498876083,0.37780483,1.601807681,-548.7937787,30.45104289,579.2448216
P006,PRE,Happy,1.06120189,5.340735168,0.208964137,-1.723947324,0.151363422,2.697502649,-480.3541607,30.45104289,510.8052036
P007,PRE,Happy,2.249556707,6.527575814,0.11696257,-3.150294748,0.041079666,5.394198131,-485.2659169,30.45104289,515.7169598
P008,PRE,Happy,2.215805668,0.312480418,7.65E-05,-3.579237121,0.027139852,7.53043635,-563.7634858,30.45104289,594.2145286
P009,PRE,Happy,0.786708071,1.658408261,0.168224117,-1.185753328,0.23401931,2.626880783,-600.1517769,30.45104289,630.6028197
P010,PRE,Happy,0.715004593,2.707720379,0.21491948,-0.764000359,0.317778376,1.578944476,-559.9009121,30.45104289,590.351955
P011,PRE,Happy,2.514872099,-0.395822155,0.01615764,-3.355476241,0.033716295,9.201260781,-634.9159727,30.45104289,665.3670156
P012,PRE,Happy,0.632339742,3.876734543,0.216143892,-0.120404447,0.469935201,0.662724793,-507.8855274,30.45104289,538.3365703
P013,PRE,Happy,0.664509263,3.31386767,0.215378719,-0.725582312,0.326164906,2.293173198,-526.258511,30.45104289,556.7095539
P014,PRE,Happy,0.759109415,4.621389602,0.23283306,-1.063775623,0.25658859,2.286350158,-481.5369807,30.45104289,511.9880236
P015,PRE,Happy,0.680302402,3.87888988,0.209585324,-1.005622986,0.267837313,2.161766099,-503.4337866,30.45104289,533.8848294
P016,PRE,Happy,0.673240678,2.076388604,0.21104393,0.353327758,0.587424318,0.808798537,-629.8617115,30.45104289,660.3127544
P017,PRE,Happy,0.725608414,2.553114235,0.196343253,-0.880538317,0.293066239,1.694420331,-566.6853769,30.45104289,597.1364198
P018,PRE,Happy,0.773441042,1.939050637,0.167537999,-0.285137836,0.42919462,1.732466678,-615.0350289,30.45104289,645.4860718
P020,PRE,Happy,1.092561228,6.392769746,0.204975778,-1.580186676,0.170769046,3.576187176,-463.4048923,30.45104289,493.8559352
P021,PRE,Happy,0.742965877,2.26990653,0.1825324,-0.405122187,0.400082304,2.267024753,-601.7645134,30.45104289,632.2155563
P022,PRE,Happy,0.725248028,3.77774878,0.199641507,-0.70285063,0.33118051,1.838724295,-545.0292844,30.45104289,575.4803272
P023,PRE,Happy,0.591212974,3.004208562,0.195813057,-0.541990297,0.36772471,0.903992246,-553.1415833,30.45104289,583.5926262
P024,PRE,Happy,0.731160654,2.231290771,0.199845032,0.240385563,0.559808663,0.969704873,-611.7231877,30.45104289,642.1742306
P025,PRE,Happy,1.138967659,4.39884533,0.215679563,-2.384049495,0.084397117,3.57194529,-516.9202296,30.45104289,547.3712725
P026,PRE,Happy,0.705779395,3.41382885,0.221116595,-0.452924961,0.388665556,1.930688453,-579.1499489,30.45104289,609.6009918
P027,PRE,Happy,0.686702125,4.210319369,0.237684906,-0.64535694,0.344036602,1.992506209,-533.9460047,30.45104289,564.3970476
P028,PRE,Happy,0.913649976,1.489788141,0.129767763,-0.576888501,0.359648863,2.265355256,-627.2046367,30.45104289,657.6556796
P029,PRE,Happy,0.737237118,2.360827201,0.187092121,-0.73958756,0.32309434,2.368419219,-595.8570706,30.45104289,626.3081135
P030,PRE,Happy,0.630138887,2.206741065,0.212993899,-0.358366172,0.411355127,1.596163282,-591.627713,30.45104289,622.0787559
P031,PRE,Happy,1.467293154,10.01633817,0.175070491,-1.991112673,0.120139197,1.522673468,-463.9722562,30.45104289,494.4232991
P032,PRE,Happy,1.472202255,-1.246888374,0.134219327,-2.674945931,0.064468027,10.49423329,-646.1060273,30.45104289,676.5570702
P033,PRE,Happy,0.784630955,2.565344641,0.141799596,-0.316025903,0.42164457,1.379866672,-556.3597427,30.45104289,586.8107856
P034,PRE,Happy,0.562224275,3.926208417,0.247368652,-0.326890564,0.418997389,0.719994669,-522.8156295,30.45104289,553.2666724
P035,PRE,Happy,0.759847381,3.479844857,0.194606585,-0.434089072,0.393150323,2.042384011,-581.0390901,30.45104289,611.490133
P036,PRE,Happy,0.762247913,4.464825504,0.219885656,-0.332518029,0.417628074,1.2154076,-539.7434336,30.45104289,570.1944765
P037,PRE,Happy,0.780617532,2.367265544,0.1874879,-0.393449023,0.402887295,1.257541793,-576.2470252,30.45104289,606.6980681
P038,PRE,Happy,0.690338219,3.738113779,0.22463875,-0.489950898,0.379905135,1.485765183,-508.7024795,30.45104289,539.1535223
P039,PRE,Happy,0.726156159,1.580974008,0.165971736,-0.792497475,0.311632665,3.363781041,-690.1293095,30.45104289,720.5803524
P040,PRE,Happy,0.684506611,2.790881271,0.212516509,0.053340929,0.513332071,1.775956206,-602.1980401,30.45104289,632.649083
P041,PRE,Happy,0.773326433,3.467316292,0.204116934,-0.25870571,0.4356819,1.532766995,-530.3586797,30.45104289,560.8097226
P042,PRE,Happy,0.816729726,3.803638766,0.172995118,-0.643755252,0.344398154,1.641186241,-506.6318746,30.45104289,537.0829175
P043,PRE,Happy,0.590293319,4.129128242,0.235255965,-0.167049028,0.458334589,0.285021557,-536.0207923,30.45104289,566.4718352
P044,PRE,Happy,0.613055829,3.958932762,0.246320207,-1.269732644,0.219303023,2.481319556,-502.0703083,30.45104289,532.5213512
P045,PRE,Happy,0.640466766,2.875381558,0.206792717,-0.560399379,0.363455056,1.030132471,-546.2642332,30.45104289,576.7152761
P046,PRE,Happy,0.788334746,4.223972829,0.194873167,-0.532964064,0.369825833,2.302279172,-505.564184,30.45104289,536.0152269
P047,PRE,Happy,0.764394893,1.332007368,0.145891477,-0.191355426,0.452306587,2.300691363,-633.4179636,30.45104289,663.8690065
P048,PRE,Happy,0.723831066,2.165162706,0.209884097,-0.760582835,0.31851974,2.745075805,-588.1112968,30.45104289,618.5623397
P049,PRE,Happy,2.132254628,7.14153559,0.127597748,-2.680381758,0.064140957,5.445110099,-472.2857513,30.45104289,502.7367942
P050,PRE,Happy,0.740959774,2.538857758,0.178224537,-0.177077949,0.45584583,1.458704675,-565.6339332,30.45104289,596.0849761
P051,PRE,Happy,0.867158366,1.02024678,0.140491278,-0.897311201,0.28960336,3.628366487,-625.9651299,30.45104289,656.4161728
P052,PRE,Happy,1.441964061,5.605618591,0.206106991,0.854509037,0.70151216,1.7437463,-454.9717532,30.45104289,485.4227961
P053,PRE,Happy,2.582952393,0.051560916,0.01727787,-3.480332307,0.029877047,10.13923463,-614.9489944,30.45104289,645.4000373
P054,PRE,Happy,0.710647955,2.70753413,0.213095571,-0.319705349,0.420747558,1.78765668,-576.6736339,30.45104289,607.1246768
P001,POST,Happy,0.606187047,2.914713132,0.206501765,-0.347376473,0.414018764,1.242329095,-548.1882741,30.45104289,578.639317
P002,POST,Happy,0.797860772,2.622190442,0.185892989,-0.510573225,0.375059158,1.582117538,-564.1155033,30.45104289,594.5665462
P003,POST,Happy,0.650710103,3.412058186,0.226367425,0.187289406,0.546685963,0.73364024,-519.4291336,30.45104289,549.8801765
P004,POST,Happy,1.122921849,2.003907151,0.09740967,-0.690502125,0.333921382,1.95727826,-602.6675427,30.45104289,633.1185856
P005,POST,Happy,1.08246702,6.371243253,0.193388295,-1.366477779,0.20318951,3.234824023,-459.0046007,30.45104289,489.4556436
P006,POST,Happy,0.837679015,4.404645867,0.219784668,-0.984510569,0.271997706,2.439660212,-495.034563,30.45104289,525.4856059
P007,POST,Happy,0.747723292,3.162666398,0.211896928,-0.909357788,0.287131272,1.30034077,-534.1296437,30.45104289,564.5806866
P008,POST,Happy,2.579742262,-0.274185085,0.017200735,-3.608404028,0.02638028,9.575619733,-601.8812154,30.45104289,632.3322583
P009,POST,Happy,0.71483037,1.899691482,0.20637794,-0.313376044,0.4222909,1.725284084,-644.2088755,30.45104289,674.6599184
P010,POST,Happy,0.751207028,2.613733901,0.229543809,-0.994618692,0.270000765,2.838358302,-577.5662971,30.45104289,608.01734
P011,POST,Happy,2.695671052,-0.427641679,0.01359887,-3.408145952,0.032041851,9.878968719,-625.7180867,30.45104289,656.1691296
P012,POST,Happy,0.670280595,4.742715695,0.223332776,-0.221069787,0.444956544,0.474602809,-477.8714958,30.45104289,508.3225387
P013,POST,Happy,0.870470341,3.453425655,0.180237081,-0.876300965,0.293944896,2.404197857,-536.4285035,30.45104289,566.8795464
P014,POST,Happy,1.514992775,5.737449055,0.144978372,-2.213989423,0.098501249,4.196261752,-498.6412419,30.45104289,529.0922848
P015,POST,Happy,0.686561311,7.154311275,0.219236616,-0.920984359,0.284757367,0.45101709,-473.683227,30.45104289,504.1342699
P016,POST,Happy,0.611559974,2.808668222,0.213958734,-0.028417465,0.492896112,1.21717219,-597.4089042,30.45104289,627.859947
P017,POST,Happy,0.812347634,2.12706658,0.187686781,-0.663944615,0.339854066,2.1964697,-602.5377245,30.45104289,632.9887674
P018,POST,Happy,0.755797305,2.994322523,0.176658597,-0.358719371,0.411269605,1.315032207,-552.3449041,30.45104289,582.795947
P020,POST,Happy,0.907230357,4.486898169,0.185819853,-0.629663712,0.347586794,1.791252248,-483.5680629,30.45104289,514.0191058
P021,POST,Happy,0.640601028,3.206877622,0.231702224,-0.492954251,0.379197869,1.453190302,-563.4661403,30.45104289,593.9171831
P022,POST,Happy,0.77670078,3.273879025,0.18443948,-0.008650359,0.497837424,1.912134101,-568.5448876,30.45104289,598.9959305
P023,POST,Happy,0.762805767,3.261807215,0.192103682,-0.39819328,0.401746501,0.989965193,-524.8590191,30.45104289,555.310062
P024,POST,Happy,0.747500067,2.35813451,0.19610182,-0.412134942,0.398400313,2.369065675,-581.1566311,30.45104289,611.607674
P025,POST,Happy,0.963097089,3.102054932,0.203679477,-1.985488879,0.120734935,2.8519903,-523.2765111,30.45104289,553.727554
P026,POST,Happy,0.743191639,3.561469466,0.228417065,0.107539901,0.526859095,1.285437924,-512.7594385,30.45104289,543.2104814
P027,POST,Happy,0.87402196,4.134293313,0.189009661,-1.047223679,0.259758587,2.061180784,-481.6746877,30.45104289,512.1257306
P028,POST,Happy,0.796351719,1.102505047,0.152864771,-0.817952847,0.306198386,2.348190822,-614.3748794,30.45104289,644.8259223
P029,POST,Happy,0.772373929,2.981759457,0.185889726,-0.608046492,0.352504948,1.998440431,-308.1451563,26.29215981,334.4373161
P030,POST,Happy,0.775949335,3.348081463,0.206975321,-0.762445515,0.318115554,1.515721141,-542.514372,30.45104289,572.9654149
P031,POST,Happy,0.834003374,3.887943043,0.187878544,-0.810445222,0.30779563,2.377386798,-521.9803346,30.45104289,552.4313775
P032,POST,Happy,0.552255385,1.702953684,0.237895112,-0.12266458,0.469372249,1.963750242,-639.3934824,30.45104289,669.8445253
P033,POST,Happy,0.602271102,3.521689095,0.205154426,-0.117529654,0.470651362,1.014400991,-546.274882,30.45104289,576.7259249
P034,POST,Happy,0.791739542,2.857082445,0.182029196,-0.559449047,0.363674949,2.269549952,-545.1143934,30.45104289,575.5654363
P035,POST,Happy,0.976667976,4.63464536,0.196217574,-1.332721812,0.208709502,3.024674806,-529.3968025,30.45104289,559.8478453
P036,POST,Happy,0.834808161,5.239137228,0.221616041,-0.592722834,0.356010354,2.461936238,-488.2908918,30.45104289,518.7419347
P037,POST,Happy,0.85511304,3.911740338,0.206081782,-0.348855419,0.413660007,1.497575099,-499.8412203,30.45104289,530.2922632
P038,POST,Happy,0.761928598,2.966147867,0.209162332,-1.249705714,0.222751085,2.352484571,-560.7449955,30.45104289,591.1960384
P039,POST,Happy,0.771119375,2.528660939,0.192318363,0.011611817,0.502902922,1.807684652,-592.8796182,30.45104289,623.3306611
P040,POST,Happy,0.740448493,2.532202961,0.205651784,0.006418292,0.501604568,1.471912089,-574.0652581,30.45104289,604.5163009
P041,POST,Happy,0.804028792,3.056267897,0.183464772,-0.210988082,0.447447786,1.517464152,-552.6150737,30.45104289,583.0661166
P042,POST,Happy,0.71348412,4.112011707,0.211063335,-0.916032227,0.285767045,2.159675017,-541.091225,30.45104289,571.5422679
P043,POST,Happy,0.712891908,3.416481473,0.217128545,-0.826035906,0.304483909,1.797754263,-519.9432103,30.45104289,550.3942532
P044,POST,Happy,0.678810075,4.090614512,0.240074235,-1.089336596,0.251743222,1.738082787,-509.8852397,30.45104289,540.3362826
P045,POST,Happy,0.670965545,2.725847411,0.223043624,-0.451410418,0.389025479,1.44423711,-573.9610407,30.45104289,604.4120836
P046,POST,Happy,0.709137342,5.105371599,0.223632019,-0.380310777,0.406051944,2.533152378,-508.4426347,30.45104289,538.8936775
P047,POST,Happy,0.97917783,3.495444009,0.15627299,-0.686548591,0.334801296,1.839811644,-504.1004383,30.45104289,534.5514812
P048,POST,Happy,0.737589118,2.889114454,0.215642407,-0.672030835,0.338042252,1.846120489,-569.1808571,30.45104289,599.6319
P049,POST,Happy,0.638701589,3.794811733,0.230621459,0.037606613,0.509400545,0.337461182,-511.6169664,30.45104289,542.0680093
P050,POST,Happy,0.899301728,2.522705917,0.171349066,-0.658360269,0.34110805,2.439041676,-678.2329066,30.45104289,708.6839495
P051,POST,Happy,0.719845026,1.839680075,0.200592961,-0.874902947,0.294235126,2.475910955,-597.8205766,30.45104289,628.2716195
P052,POST,Happy,2.270211656,17.82380218,0.141097004,-2.228175349,0.097248712,-3.11188165,-448.5466041,30.45104289,478.997647
P053,POST,Happy,0.715292873,1.79603677,0.194339637,-0.621130092,0.349524473,2.409801039,-615.4746866,30.45104289,645.9257295
P054,POST,Happy,2.706767868,-0.384261193,0.01706587,-3.343805501,0.034098598,10.29327003,-619.4396387,30.45104289,649.8906816
P001,PRE,Control,2.100561425,-0.607564312,0.000158533,-2.846110481,0.05488272,8.243961811,-628.2348814,30.45104289,658.6859243
P002,PRE,Control,0.78385771,3.126379217,0.206533037,-0.571629853,0.36086083,1.430276605,-547.0954026,30.45104289,577.5464455
P003,PRE,Control,0.605030321,2.959006752,0.232711758,0.001854862,0.500463715,1.357292275,-553.483964,30.45104289,583.9350069
P004,PRE,Control,0.868509081,1.405646263,0.112813741,-0.475514818,0.383311793,1.984579173,-622.523532,30.45104289,652.9745749
P005,PRE,Control,0.610980371,4.247786395,0.221742587,0.251803022,0.562620236,0.356347444,-507.2263689,30.45104289,537.6774118
P006,PRE,Control,0.735719019,3.988383839,0.223292653,-0.412985369,0.398196502,1.515682073,-528.6342864,30.45104289,559.0853293
P007,PRE,Control,0.755923653,4.319672026,0.196738615,-1.023769427,0.264293812,2.307204125,-501.1054776,30.45104289,531.5565205
P008,PRE,Control,0.734095409,1.279476441,0.172675724,-1.455763982,0.189116068,2.301640095,-536.4263716,30.45104289,566.8774145
P009,PRE,Control,0.696121126,1.642089206,0.20553414,-0.338630035,0.416142296,1.666636081,-613.7672923,30.45104289,644.2183352
P010,PRE,Control,0.714846622,1.735477589,0.201717083,-0.770445276,0.316382792,1.808670047,-592.5440125,30.45104289,622.9950554
P011,PRE,Control,2.637528322,-0.210103354,0.004813314,-3.387462842,0.032689588,9.610227567,-620.739507,30.45104289,651.1905499
P012,PRE,Control,0.629440501,3.74152598,0.226453845,0.176008864,0.543888971,-0.255169549,-521.1066227,30.45104289,551.5576656
P013,PRE,Control,0.678037863,3.496737151,0.220310793,-1.109395274,0.247983645,2.32266841,-553.314717,30.45104289,583.7657598
P014,PRE,Control,0.890187739,4.773423251,0.227183673,-1.502131408,0.182107847,3.194774762,-485.0403473,30.45104289,515.4913902
P015,PRE,Control,0.774896459,4.142351957,0.213742704,-1.441357193,0.191335267,2.816883599,-498.890448,30.45104289,529.3414909
P016,PRE,Control,1.950125589,-0.757620389,0.085455456,-3.217677507,0.038505879,10.85915842,-623.0242868,30.45104289,653.4753297
P017,PRE,Control,0.683097535,2.781079652,0.215995651,-0.421605501,0.396132632,1.481625706,-583.1591041,30.45104289,613.610147
P018,PRE,Control,0.80829906,1.345072573,0.146208335,-0.080406481,0.479909203,1.832694614,-620.5256001,30.45104289,650.976643
P020,PRE,Control,1.531461965,10.15450219,0.158962439,-1.996538116,0.119566877,0.977907625,-435.8215839,30.45104289,466.2726268
P021,PRE,Control,0.630024832,2.61568696,0.21492138,-0.257117346,0.43607246,2.342761721,-593.8521633,30.45104289,624.3032062
P022,PRE,Control,0.67676932,3.579921562,0.209806674,-0.414128695,0.397922552,1.607371346,-544.221896,30.45104289,574.6729388
P023,PRE,Control,0.630641239,3.350761334,0.177680356,-0.640149971,0.345212639,1.323368039,-538.2887825,30.45104289,568.7398254
P024,PRE,Control,0.673951506,1.672441024,0.206808484,-0.137930782,0.46557187,2.341769246,-605.5556809,30.45104289,636.0067237
P025,PRE,Control,2.507907157,6.345298435,0.115300012,-3.534340097,0.028350786,4.735785213,-496.6948503,30.45104289,527.1458932
P026,PRE,Control,0.800911008,4.767282854,0.209393674,-0.643326545,0.344494957,2.251530495,-497.2548899,30.45104289,527.7059328
P027,PRE,Control,0.704872608,3.035001276,0.221465181,-0.659545945,0.340841616,2.153450393,-540.7824377,30.45104289,571.2334806
P028,PRE,Control,1.896291083,-0.108930898,2.60E-06,-2.657434837,0.065532243,6.955767781,-643.5099591,30.45104289,673.961002
P029,PRE,Control,0.644357518,1.977300738,0.196376116,-0.281915134,0.429984318,1.740330815,-595.7140302,30.45104289,626.165073
P030,PRE,Control,0.598853288,2.571756973,0.222694081,-0.167339246,0.458262539,1.28883192,-591.5414021,30.45104289,621.992445
P031,PRE,Control,0.702196392,4.286868588,0.200417058,-0.810543519,0.307774687,2.414641013,-522.2553988,30.45104289,552.7064417
P032,PRE,Control,2.619784762,-0.44215378,0.027579075,-3.250480718,0.037309617,10.84091909,-628.9092832,30.45104289,659.3603261
P033,PRE,Control,0.718667222,2.446705149,0.16034,-0.425822834,0.39512424,1.752876628,-601.4007907,30.45104289,631.8518336
P034,PRE,Control,0.652784678,2.169129531,0.223160504,-0.425887166,0.395108865,2.400252332,-583.3569525,30.45104289,613.8079954
P035,PRE,Control,2.462513306,3.727528019,0.204126239,1.801314554,0.85830888,0.842565366,-502.5874742,30.45104289,533.0385171
P036,PRE,Control,0.768674601,4.498729492,0.208644255,-0.381244092,0.405826872,1.863145398,-522.2079698,30.45104289,552.6590127
P037,PRE,Control,0.732291601,2.825922254,0.193785319,-0.139404507,0.465205204,0.850701466,-544.6231479,30.45104289,575.0741908
P038,PRE,Control,0.651899698,3.76598216,0.233437888,-1.179207162,0.235194781,2.376887368,-533.4688648,30.45104289,563.9199077
P039,PRE,Control,0.628526851,1.935216104,0.188407696,-0.34889341,0.413650792,2.44353919,-606.9485958,30.45104289,637.3996386
P040,PRE,Control,0.713302617,2.848068362,0.191056005,-0.312947539,0.422395441,1.060703113,-555.3245048,30.45104289,585.7755476
P041,PRE,Control,0.728847843,3.939511015,0.203607311,-0.610117832,0.352032319,1.931521198,-522.7083357,30.45104289,553.1593786
P042,PRE,Control,0.80389822,3.937777494,0.196066688,-0.804453835,0.309073607,2.479618974,-548.6507687,30.45104289,579.1018116
P043,PRE,Control,0.82212782,2.712698965,0.18268966,-1.098829318,0.249959309,2.680125266,-595.2735971,30.45104289,625.7246399
P044,PRE,Control,0.57024268,3.131292344,0.244695444,-1.091676139,0.251302782,1.650358732,-506.4063198,30.45104289,536.8573627
P045,PRE,Control,0.590747798,2.038955783,0.209105711,-0.36207512,0.410457331,0.481620784,-562.6901318,30.45104289,593.1411747
P046,PRE,Control,0.619177303,3.823800816,0.211956703,-0.00518198,0.498704508,1.956714643,-549.3159015,30.45104289,579.7669444
P047,PRE,Control,0.953185011,2.567452912,0.138055964,-0.592281382,0.356111571,2.383760482,-583.4250712,30.45104289,613.8761141
P048,PRE,Control,0.724444516,3.256620549,0.195997747,-0.451547605,0.388992872,1.366350078,-515.9564598,30.45104289,546.4075027
P049,PRE,Control,0.849388112,4.494348459,0.186019443,-1.089921754,0.251633013,2.769306402,-499.3884395,30.45104289,529.8394824
P050,PRE,Control,0.673407479,2.48489673,0.19184835,-0.316522606,0.421523448,1.765058903,-594.7334792,30.45104289,625.184522
P051,PRE,Control,2.773309756,0.206162581,0.018223553,-3.217805635,0.038501136,10.61076812,-615.0385678,30.45104289,645.4896107
P052,PRE,Control,0.731565969,3.702076006,0.202342115,-0.40326713,0.400527631,2.331016979,-562.7826374,30.45104289,593.2336803
P053,PRE,Control,2.42404441,-0.507876723,0.008665332,-3.055570759,0.044977576,9.502318664,-638.990857,30.45104289,669.4418999
P054,PRE,Control,0.630497581,3.476128448,0.2203783,-0.612566749,0.35147391,2.878407958,-578.0901157,30.45104289,608.5411586
P001,POST,Control,0.91540158,1.673537449,0.110857525,-0.739454786,0.323123379,2.415587619,-637.7772579,30.45104289,668.2283008
P002,POST,Control,0.765546254,3.622511237,0.200311219,-0.388041969,0.404188745,0.995411754,-519.1015406,30.45104289,549.5525835
P003,POST,Control,0.674719457,1.660153343,0.208866071,-0.711663505,0.329231371,2.929470864,-615.833618,30.45104289,646.2846609
P004,POST,Control,2.723422284,-0.055800729,0.003252161,-3.2416063,0.037629677,10.26353173,-621.1048837,30.45104289,651.5559266
P005,POST,Control,0.721259126,4.165039905,0.210981184,-0.123912647,0.469061415,1.515420612,-510.5991,30.45104289,541.0501429
P006,POST,Control,0.756748348,4.917390541,0.218232546,-0.595648384,0.355339905,1.779642634,-472.9476595,30.45104289,503.3987024
P007,POST,Control,0.699658826,3.554678052,0.217747004,-1.111492491,0.247592747,1.438174085,-541.4359565,30.45104289,571.8869994
P008,POST,Control,0.82971163,1.341507505,0.162108308,-1.013971123,0.266203415,1.769989501,-594.9803038,30.45104289,625.4313467
P009,POST,Control,0.722557755,1.99031342,0.204773848,-0.32892711,0.418501697,2.029307839,-629.3372679,30.45104289,659.7883108
P010,POST,Control,0.827566731,3.800389173,0.211245263,-0.691902632,0.333609957,1.800360382,-502.75302,30.45104289,533.2040629
P011,POST,Control,0.836149132,1.257465448,0.12583001,-0.415509064,0.39759189,1.795548848,-628.56053,30.45104289,659.0115729
P012,POST,Control,0.729965167,3.494149251,0.199057759,-0.461906094,0.386533743,1.500547399,-532.6879513,30.45104289,563.1389942
P013,POST,Control,0.717183051,3.446257206,0.189338785,-0.843890577,0.300716017,1.92951611,-546.3511448,30.45104289,576.8021877
P014,POST,Control,0.73719077,4.574334424,0.192981893,-1.139124648,0.242481113,2.33061282,-506.8751547,30.45104289,537.3261976
P015,POST,Control,0.713851957,3.71070497,0.209690629,-0.572445827,0.360672655,1.553761663,-526.2770262,30.45104289,556.7280691
P016,POST,Control,0.725133769,2.853777849,0.200731934,-0.209486181,0.447819143,1.186899759,-551.4034636,30.45104289,581.8545065
P017,POST,Control,0.698684551,2.511102066,0.194392415,-0.577379028,0.359535902,2.06767014,-618.2978719,30.45104289,648.7489148
P018,POST,Control,0.81418111,2.022681719,0.150361508,-0.445713077,0.390380503,1.726969548,-611.5371801,30.45104289,641.988223
P020,POST,Control,0.801197576,5.250072168,0.208855465,-0.410175347,0.398870077,2.00992994,-461.0160106,30.45104289,491.4670535
P021,POST,Control,0.803166532,3.572013569,0.210706124,-0.223374154,0.444387506,2.093916138,-541.6204152,30.45104289,572.0714581
P022,POST,Control,0.810636669,3.801221503,0.179289482,0.20571689,0.551248616,1.102753061,-517.5064792,30.45104289,547.9575221
P023,POST,Control,0.74345433,3.052679301,0.19120264,-0.267356572,0.433556168,1.702614525,-555.8528616,30.45104289,586.3039045
P024,POST,Control,0.561648489,2.637474954,0.220252849,0.565002785,0.637609296,0.605131959,-606.900015,30.45104289,637.3510579
P025,POST,Control,0.786296121,3.741532657,0.240105463,-1.680321619,0.157052886,2.441830443,-521.3004656,30.45104289,551.7515085
P026,POST,Control,0.616024713,3.884296667,0.227833312,-0.447378188,0.389984306,1.938548779,-568.6580665,30.45104289,599.1091094
P027,POST,Control,0.70761453,3.084182791,0.219874826,0.057387439,0.514342924,1.754941191,-587.4884983,30.45104289,617.9395412
P028,POST,Control,0.857548658,1.459684557,0.139814166,-0.373677102,0.407652804,1.732216812,-627.1847358,30.45104289,657.6357787
P029,POST,Control,0.781348184,2.669814962,0.184674716,-0.525001036,0.37168357,1.965308243,-579.1927272,30.45104289,609.6437701
P030,POST,Control,0.806426288,3.494944933,0.188164007,-1.358539443,0.204477784,2.062858243,-504.4447019,30.45104289,534.8957448
P031,POST,Control,0.750156232,5.040703116,0.202815604,-0.842461344,0.30101665,2.360242284,-470.4332956,30.45104289,500.8843385
P032,POST,Control,0.614299301,2.041617428,0.218709859,-0.136927938,0.465821401,1.07021729,-595.3789698,30.45104289,625.8300127
P033,POST,Control,0.820677624,1.589159103,0.130515809,-0.524954732,0.371694383,2.67999522,-627.9661811,30.45104289,658.417224
P034,POST,Control,0.663645879,2.63272825,0.193828014,-0.122077121,0.469518565,1.414038929,-554.3057526,30.45104289,584.7567955
P035,POST,Control,0.641964508,3.332293322,0.210530359,-0.230248182,0.442690914,1.356471473,-535.7094825,30.45104289,566.1605254
P036,POST,Control,0.686254235,5.040653369,0.210951837,-0.868208842,0.295627141,2.548484915,-491.8221852,30.45104289,522.2732281
P037,POST,Control,0.903416261,3.669551197,0.1874184,-0.501362757,0.377220469,1.949853693,-500.1305989,30.45104289,530.5816418
P038,POST,Control,0.667533193,3.46458486,0.22653159,-0.703001046,0.331147193,2.192647987,-549.1466671,30.45104289,579.59771
P039,POST,Control,0.816252107,2.637681378,0.167789558,-0.595642187,0.355341324,2.261672561,-574.2737672,30.45104289,604.7248101
P040,POST,Control,0.694824166,2.542349831,0.186991306,-0.232918129,0.442032298,1.481367755,-565.5210424,30.45104289,595.9720853
P041,POST,Control,0.7213888,4.165956648,0.204124243,-0.234760383,0.441577973,1.839499442,-563.183288,30.45104289,593.6343309
P042,POST,Control,0.697860069,3.75128086,0.221238649,-0.155325916,0.461246404,1.565776079,-540.1503561,30.45104289,570.601399
P043,POST,Control,0.806983328,3.965342425,0.216560764,-0.791629745,0.311818839,2.120147607,-505.6814834,30.45104289,536.1325263
P044,POST,Control,0.664262844,3.283699973,0.230447569,-0.863077532,0.296696762,1.851720985,-531.5117347,30.45104289,561.9627776
P045,POST,Control,0.864347872,3.469473659,0.181441918,-1.094788649,0.250717617,2.499700563,-547.5054025,30.45104289,577.9564454
P046,POST,Control,0.623158562,3.914436799,0.225587997,-0.132438183,0.466938764,1.874679117,-531.7421411,30.45104289,562.193184
P047,POST,Control,0.880799281,2.648410508,0.141664553,-0.374309439,0.407500121,1.810548781,-579.6697287,30.45104289,610.1207716
P048,POST,Control,0.663046261,2.687842034,0.21667472,-0.522468503,0.372275196,1.078955077,-560.2105526,30.45104289,590.6615955
P049,POST,Control,0.718148374,3.650686797,0.206981585,-0.427615989,0.394695755,1.928229317,-527.5978722,30.45104289,558.0489151
P050,POST,Control,0.872612208,2.986085455,0.174271814,-0.62796858,0.347971299,2.304764141,-612.7971847,30.45104289,643.2482276
P051,POST,Control,0.624107221,3.766292238,0.231408555,-0.490461411,0.379784877,2.118264826,-547.5958946,30.45104289,578.0469375
P052,POST,Control,0.701418015,4.442651422,0.211802969,0.214921444,0.553524489,1.262652224,-518.7202053,30.45104289,549.1712482
P053,POST,Control,0.714015607,3.62800088,0.227958566,-0.39495643,0.402524713,1.815226638,-558.9146713,30.45104289,589.3657142
P054,POST,Control,2.561792807,-0.324136035,0.020015153,-3.238054209,0.037758523,10.93355383,-624.6630945,30.45104289,655.1141374
